Workbook
Name ChungChi: [1]ViTriLamViec!#REF!
Name ChungChi: [1]ViTriLamViec!#REF!
Name ChungChi: [1]ViTriLamViec!#REF!
Name ChungChi: [1]ViTriLamViec!#REF!
Name ChuyenNghanh: [1]DM_NganhDT!#REF!
Name ChuyenNghanh: [1]DM_NganhDT!#REF!
Name ChuyenNghanh: [1]DM_NganhDT!#REF!
Name ChuyenNghanh: [1]DM_NganhDT!#REF!
Name CoSoDaoTao: #REF!
Name CoSoDaoTao: #REF!
Name CoSoDaoTao: #REF!
Name CoSoDaoTao: #REF!
Name CoSoDaoTao_: #REF!
Name DanhMucPhong: #REF!
Name DanhMucPhong: #REF!
Name DanhMucPhong: #REF!
Name DanhMucPhong: #REF!
Name DanToc: [1]DanToc!#REF!
Name DanToc: [1]DanToc!#REF!
Name DanToc: [1]DanToc!#REF!
Name DanToc: [1]DanToc!#REF!

Sheet Ke hoach giảng dạy CNTT
A1: TRƯỜNG ĐẠI HỌC VĂN LANG
A2: KHOA CÔNG NGHỆ THÔNG TIN
A4: KẾ HOẠCH ĐÀO TẠO NGÀNH CÔNG NGHỆ THÔNG TIN - KHÓA 30 | N4: =SUM(N9:N100) -> 126
E6: 2 | F6: 4 | G6: 5 | H6: 6 | I6: 7 | J6: 8 | K6: 9 | L6: 10 | M6: 11
A7: TT | B7: Phân bổ học kỳ | C7: Năm Thứ | D7: Mã học phần | E7: Tên học phần (Tiếng Việt) | F7: Số tín chỉ | G7: Số tiết/giờ | K7: Bắt buộc/Tự chọn | L7: ĐK tiên quyết | M7: ĐK học trước | N7: Số TC/ HK | O7: Ghi chú
G8: LT | H8: TH | I8: ĐA | J8: TT
A9: HK241 1 | B9: 1 | C9: 1 | D9: 71ENG110013 | E9: =VLOOKUP($D9,'Khung_CTĐT_CNTT_K30 (2024)'!$B$10:$L$96,'Ke hoach giảng dạy CNTT'!E$6,0) -> Anh văn 1 (AV1) | F9: =VLOOKUP($D9,'Khung_CTĐT_CNTT_K30 (2024)'!$B$10:$L$96,'Ke hoach giảng dạy CNTT'!F$6,0) -> 3 | G9: =VLOOKUP($D9,'Khung_CTĐT_CNTT_K30 (2024)'!$B$10:$L$96,'Ke hoach giảng dạy CNTT'!G$6,0) -> 30 | H9: =VLOOKUP($D9,'Khung_CTĐT_CNTT_K30 (2024)'!$B$10:$L$96,'Ke hoach giảng dạy CNTT'!H$6,0) -> 30 | I9: =VLOOKUP($D9,'Khung_CTĐT_CNTT_K30 (2024)'!$B$10:$L$96,'Ke hoach giảng dạy CNTT'!I$6,0) -> 0 | J9: =VLOOKUP($D9,'Khung_CTĐT_CNTT_K30 (2024)'!$B$10:$L$96,'Ke hoach giảng dạy CNTT'!J$6,0) -> 0 | K9: =VLOOKUP($D9,'Khung_CTĐT_CNTT_K30 (2024)'!$B$10:$L$96,'Ke hoach giảng dạy CNTT'!K$6,0) -> BB | L9: =VLOOKUP($D9,'Khung_CTĐT_CNTT_K30 (2024)'!$B$10:$L$96,'Ke hoach giảng dạy CNTT'!L$6,0) -> [71ENG010012]Anh văn dự bị (AV0) | M9: =VLOOKUP($D9,'Khung_CTĐT_CNTT_K30 (2024)'!$B$10:$L$96,'Ke hoach giảng dạy CNTT'!M$6,0) -> Không | N9: =SUM(F9:F12) -> 12 | P9: 12 | Q9: 1
B10: 1 | C10: 1 | D10: 71ITBS10103 | E10: =VLOOKUP($D10,'Khung_CTĐT_CNTT_K30 (2024)'!$B$10:$L$96,'Ke hoach giảng dạy CNTT'!E$6,0) -> Nhập môn Công nghệ thông tin | F10: =VLOOKUP($D10,'Khung_CTĐT_CNTT_K30 (2024)'!$B$10:$L$96,'Ke hoach giảng dạy CNTT'!F$6,0) -> 3 | G10: =VLOOKUP($D10,'Khung_CTĐT_CNTT_K30 (2024)'!$B$10:$L$96,'Ke hoach giảng dạy CNTT'!G$6,0) -> 30 | H10: =VLOOKUP($D10,'Khung_CTĐT_CNTT_K30 (2024)'!$B$10:$L$96,'Ke hoach giảng dạy CNTT'!H$6,0) -> 30 | I10: =VLOOKUP($D10,'Khung_CTĐT_CNTT_K30 (2024)'!$B$10:$L$96,'Ke hoach giảng dạy CNTT'!I$6,0) -> 0 | J10: =VLOOKUP($D10,'Khung_CTĐT_CNTT_K30 (2024)'!$B$10:$L$96,'Ke hoach giảng dạy CNTT'!J$6,0) -> 0 | K10: =VLOOKUP($D10,'Khung_CTĐT_CNTT_K30 (2024)'!$B$10:$L$96,'Ke hoach giảng dạy CNTT'!K$6,0) -> BB | L10: =VLOOKUP($D10,'Khung_CTĐT_CNTT_K30 (2024)'!$B$10:$L$96,'Ke hoach giảng dạy CNTT'!L$6,0) -> Không | M10: =VLOOKUP($D10,'Khung_CTĐT_CNTT_K30 (2024)'!$B$10:$L$96,'Ke hoach giảng dạy CNTT'!M$6,0) -> Không | Q10: =Q9 -> 1 | R10: =IFERROR(VLOOKUP(D10,$D$9:D9,1,0),"")
B11: 1 | C11: 1 | D11: 71ITBS10203 | E11: =VLOOKUP($D11,'Khung_CTĐT_CNTT_K30 (2024)'!$B$10:$L$96,'Ke hoach giảng dạy CNTT'!E$6,0) -> Cơ sở lập trình | F11: =VLOOKUP($D11,'Khung_CTĐT_CNTT_K30 (2024)'!$B$10:$L$96,'Ke hoach giảng dạy CNTT'!F$6,0) -> 3 | G11: =VLOOKUP($D11,'Khung_CTĐT_CNTT_K30 (2024)'!$B$10:$L$96,'Ke hoach giảng dạy CNTT'!G$6,0) -> 30 | H11: =VLOOKUP($D11,'Khung_CTĐT_CNTT_K30 (2024)'!$B$10:$L$96,'Ke hoach giảng dạy CNTT'!H$6,0) -> 30 | I11: =VLOOKUP($D11,'Khung_CTĐT_CNTT_K30 (2024)'!$B$10:$L$96,'Ke hoach giảng dạy CNTT'!I$6,0) -> 0 | J11: =VLOOKUP($D11,'Khung_CTĐT_CNTT_K30 (2024)'!$B$10:$L$96,'Ke hoach giảng dạy CNTT'!J$6,0) -> 0 | K11: =VLOOKUP($D11,'Khung_CTĐT_CNTT_K30 (2024)'!$B$10:$L$96,'Ke hoach giảng dạy CNTT'!K$6,0) -> BB | L11: =VLOOKUP($D11,'Khung_CTĐT_CNTT_K30 (2024)'!$B$10:$L$96,'Ke hoach giảng dạy CNTT'!L$6,0) -> Không | M11: =VLOOKUP($D11,'Khung_CTĐT_CNTT_K30 (2024)'!$B$10:$L$96,'Ke hoach giảng dạy CNTT'!M$6,0) -> Không | Q11: =Q10 -> 1 | R11: =IFERROR(VLOOKUP(D11,$D$9:D10,1,0),"")
B12: 1 | C12: 1 | D12: 71SSK110023 | E12: =VLOOKUP($D12,'Khung_CTĐT_CNTT_K30 (2024)'!$B$10:$L$96,'Ke hoach giảng dạy CNTT'!E$6,0) -> Kỹ năng công dân toàn cầu | F12: =VLOOKUP($D12,'Khung_CTĐT_CNTT_K30 (2024)'!$B$10:$L$96,'Ke hoach giảng dạy CNTT'!F$6,0) -> 3 | G12: =VLOOKUP($D12,'Khung_CTĐT_CNTT_K30 (2024)'!$B$10:$L$96,'Ke hoach giảng dạy CNTT'!G$6,0) -> 45 | H12: =VLOOKUP($D12,'Khung_CTĐT_CNTT_K30 (2024)'!$B$10:$L$96,'Ke hoach giảng dạy CNTT'!H$6,0) -> 0 | I12: =VLOOKUP($D12,'Khung_CTĐT_CNTT_K30 (2024)'!$B$10:$L$96,'Ke hoach giảng dạy CNTT'!I$6,0) -> 0 | J12: =VLOOKUP($D12,'Khung_CTĐT_CNTT_K30 (2024)'!$B$10:$L$96,'Ke hoach giảng dạy CNTT'!J$6,0) -> 0 | K12: =VLOOKUP($D12,'Khung_CTĐT_CNTT_K30 (2024)'!$B$10:$L$96,'Ke hoach giảng dạy CNTT'!K$6,0) -> BB | L12: =VLOOKUP($D12,'Khung_CTĐT_CNTT_K30 (2024)'!$B$10:$L$96,'Ke hoach giảng dạy CNTT'!L$6,0) -> Không | M12: =VLOOKUP($D12,'Khung_CTĐT_CNTT_K30 (2024)'!$B$10:$L$96,'Ke hoach giảng dạy CNTT'!M$6,0) -> Không | Q12: =Q11 -> 1 | R12: =IFERROR(VLOOKUP(D12,$D$9:D11,1,0),"")
B13: 1 | C13: 1 | D13: 71NAD110013 | E13: =VLOOKUP($D13,'Khung_CTĐT_CNTT_K30 (2024)'!$B$10:$L$96,'Ke hoach giảng dạy CNTT'!E$6,0) -> GDQP1: Đường lối QP và AN của ĐCSVN | F13: =VLOOKUP($D13,'Khung_CTĐT_CNTT_K30 (2024)'!$B$10:$L$96,'Ke hoach giảng dạy CNTT'!F$6,0) -> 3 | G13: =VLOOKUP($D13,'Khung_CTĐT_CNTT_K30 (2024)'!$B$10:$L$96,'Ke hoach giảng dạy CNTT'!G$6,0) -> 0 | H13: =VLOOKUP($D13,'Khung_CTĐT_CNTT_K30 (2024)'!$B$10:$L$96,'Ke hoach giảng dạy CNTT'!H$6,0) -> 0 | I13: =VLOOKUP($D13,'Khung_CTĐT_CNTT_K30 (2024)'!$B$10:$L$96,'Ke hoach giảng dạy CNTT'!I$6,0) -> 0 | J13: =VLOOKUP($D13,'Khung_CTĐT_CNTT_K30 (2024)'!$B$10:$L$96,'Ke hoach giảng dạy CNTT'!J$6,0) -> 0 | K13: =VLOOKUP($D13,'Khung_CTĐT_CNTT_K30 (2024)'!$B$10:$L$96,'Ke hoach giảng dạy CNTT'!K$6,0) -> BB | L13: =VLOOKUP($D13,'Khung_CTĐT_CNTT_K30 (2024)'!$B$10:$L$96,'Ke hoach giảng dạy CNTT'!L$6,0) | M13: =VLOOKUP($D13,'Khung_CTĐT_CNTT_K30 (2024)'!$B$10:$L$96,'Ke hoach giảng dạy CNTT'!M$6,0) | Q13: =Q12 -> 1 | R13: =IFERROR(VLOOKUP(D13,$D$9:D12,1,0),"")
B14: 1 | C14: 1 | D14: 71NAD210022 | E14: =VLOOKUP($D14,'Khung_CTĐT_CNTT_K30 (2024)'!$B$10:$L$96,'Ke hoach giảng dạy CNTT'!E$6,0) -> GDQP2: Công tác quốc phòng và an ninh | F14: =VLOOKUP($D14,'Khung_CTĐT_CNTT_K30 (2024)'!$B$10:$L$96,'Ke hoach giảng dạy CNTT'!F$6,0) -> 2 | G14: =VLOOKUP($D14,'Khung_CTĐT_CNTT_K30 (2024)'!$B$10:$L$96,'Ke hoach giảng dạy CNTT'!G$6,0) -> 0 | H14: =VLOOKUP($D14,'Khung_CTĐT_CNTT_K30 (2024)'!$B$10:$L$96,'Ke hoach giảng dạy CNTT'!H$6,0) -> 0 | I14: =VLOOKUP($D14,'Khung_CTĐT_CNTT_K30 (2024)'!$B$10:$L$96,'Ke hoach giảng dạy CNTT'!I$6,0) -> 0 | J14: =VLOOKUP($D14,'Khung_CTĐT_CNTT_K30 (2024)'!$B$10:$L$96,'Ke hoach giảng dạy CNTT'!J$6,0) -> 0 | K14: =VLOOKUP($D14,'Khung_CTĐT_CNTT_K30 (2024)'!$B$10:$L$96,'Ke hoach giảng dạy CNTT'!K$6,0) -> BB | L14: =VLOOKUP($D14,'Khung_CTĐT_CNTT_K30 (2024)'!$B$10:$L$96,'Ke hoach giảng dạy CNTT'!L$6,0) | M14: =VLOOKUP($D14,'Khung_CTĐT_CNTT_K30 (2024)'!$B$10:$L$96,'Ke hoach giảng dạy CNTT'!M$6,0) | Q14: =Q13 -> 1 | R14: =IFERROR(VLOOKUP(D14,$D$9:D13,1,0),"")
B15: 1 | C15: 1 | D15: 71NAD310032 | E15: =VLOOKUP($D15,'Khung_CTĐT_CNTT_K30 (2024)'!$B$10:$L$96,'Ke hoach giảng dạy CNTT'!E$6,0) -> GDQP3: Quân sự chung | F15: =VLOOKUP($D15,'Khung_CTĐT_CNTT_K30 (2024)'!$B$10:$L$96,'Ke hoach giảng dạy CNTT'!F$6,0) -> 2 | G15: =VLOOKUP($D15,'Khung_CTĐT_CNTT_K30 (2024)'!$B$10:$L$96,'Ke hoach giảng dạy CNTT'!G$6,0) -> 0 | H15: =VLOOKUP($D15,'Khung_CTĐT_CNTT_K30 (2024)'!$B$10:$L$96,'Ke hoach giảng dạy CNTT'!H$6,0) -> 0 | I15: =VLOOKUP($D15,'Khung_CTĐT_CNTT_K30 (2024)'!$B$10:$L$96,'Ke hoach giảng dạy CNTT'!I$6,0) -> 0 | J15: =VLOOKUP($D15,'Khung_CTĐT_CNTT_K30 (2024)'!$B$10:$L$96,'Ke hoach giảng dạy CNTT'!J$6,0) -> 0 | K15: =VLOOKUP($D15,'Khung_CTĐT_CNTT_K30 (2024)'!$B$10:$L$96,'Ke hoach giảng dạy CNTT'!K$6,0) -> BB | L15: =VLOOKUP($D15,'Khung_CTĐT_CNTT_K30 (2024)'!$B$10:$L$96,'Ke hoach giảng dạy CNTT'!L$6,0) | M15: =VLOOKUP($D15,'Khung_CTĐT_CNTT_K30 (2024)'!$B$10:$L$96,'Ke hoach giảng dạy CNTT'!M$6,0) | Q15: =Q14 -> 1 | R15: =IFERROR(VLOOKUP(D15,$D$9:D14,1,0),"")
B16: 1 | C16: 1 | D16: 71NAD410044 | E16: =VLOOKUP($D16,'Khung_CTĐT_CNTT_K30 (2024)'!$B$10:$L$96,'Ke hoach giảng dạy CNTT'!E$6,0) -> GDQP4: Kỹ thuật chiến đấu bộ binh và chiến thuật | F16: =VLOOKUP($D16,'Khung_CTĐT_CNTT_K30 (2024)'!$B$10:$L$96,'Ke hoach giảng dạy CNTT'!F$6,0) -> 4 | G16: =VLOOKUP($D16,'Khung_CTĐT_CNTT_K30 (2024)'!$B$10:$L$96,'Ke hoach giảng dạy CNTT'!G$6,0) -> 0 | H16: =VLOOKUP($D16,'Khung_CTĐT_CNTT_K30 (2024)'!$B$10:$L$96,'Ke hoach giảng dạy CNTT'!H$6,0) -> 0 | I16: =VLOOKUP($D16,'Khung_CTĐT_CNTT_K30 (2024)'!$B$10:$L$96,'Ke hoach giảng dạy CNTT'!I$6,0) -> 0 | J16: =VLOOKUP($D16,'Khung_CTĐT_CNTT_K30 (2024)'!$B$10:$L$96,'Ke hoach giảng dạy CNTT'!J$6,0) -> 0 | K16: =VLOOKUP($D16,'Khung_CTĐT_CNTT_K30 (2024)'!$B$10:$L$96,'Ke hoach giảng dạy CNTT'!K$6,0) -> BB | L16: =VLOOKUP($D16,'Khung_CTĐT_CNTT_K30 (2024)'!$B$10:$L$96,'Ke hoach giảng dạy CNTT'!L$6,0) | M16: =VLOOKUP($D16,'Khung_CTĐT_CNTT_K30 (2024)'!$B$10:$L$96,'Ke hoach giảng dạy CNTT'!M$6,0) | Q16: =Q15 -> 1 | R16: =IFERROR(VLOOKUP(D16,$D$9:D15,1,0),"")
Q17: =Q16 -> 1 | R17: =IFERROR(VLOOKUP(D17,$D$9:D16,1,0),"")
A18: HK242 2 | B18: 2 | C18: 1 | D18: 71POLP10013 | E18: =VLOOKUP($D18,'Khung_CTĐT_CNTT_K30 (2024)'!$B$10:$L$96,'Ke hoach giảng dạy CNTT'!E$6,0) -> Triết học Mác-Lênin | F18: =VLOOKUP($D18,'Khung_CTĐT_CNTT_K30 (2024)'!$B$10:$L$96,'Ke hoach giảng dạy CNTT'!F$6,0) -> 3 | G18: =VLOOKUP($D18,'Khung_CTĐT_CNTT_K30 (2024)'!$B$10:$L$96,'Ke hoach giảng dạy CNTT'!G$6,0) -> 45 | H18: =VLOOKUP($D18,'Khung_CTĐT_CNTT_K30 (2024)'!$B$10:$L$96,'Ke hoach giảng dạy CNTT'!H$6,0) -> 0 | I18: =VLOOKUP($D18,'Khung_CTĐT_CNTT_K30 (2024)'!$B$10:$L$96,'Ke hoach giảng dạy CNTT'!I$6,0) -> 0 | J18: =VLOOKUP($D18,'Khung_CTĐT_CNTT_K30 (2024)'!$B$10:$L$96,'Ke hoach giảng dạy CNTT'!J$6,0) -> 0 | K18: =VLOOKUP($D18,'Khung_CTĐT_CNTT_K30 (2024)'!$B$10:$L$96,'Ke hoach giảng dạy CNTT'!K$6,0) -> BB | L18: =VLOOKUP($D18,'Khung_CTĐT_CNTT_K30 (2024)'!$B$10:$L$96,'Ke hoach giảng dạy CNTT'!L$6,0) -> Không | M18: =VLOOKUP($D18,'Khung_CTĐT_CNTT_K30 (2024)'!$B$10:$L$96,'Ke hoach giảng dạy CNTT'!M$6,0) -> Không | N18: =SUM(F18:F22) -> 16 | P18: =P9+N18 -> 28 | Q18: 2 | R18: =IFERROR(VLOOKUP(D18,$D$9:D17,1,0),"")
B19: 2 | C19: 1 | D19: 71ENG210023 | E19: =VLOOKUP($D19,'Khung_CTĐT_CNTT_K30 (2024)'!$B$10:$L$96,'Ke hoach giảng dạy CNTT'!E$6,0) -> Anh văn 2 (AV2) | F19: =VLOOKUP($D19,'Khung_CTĐT_CNTT_K30 (2024)'!$B$10:$L$96,'Ke hoach giảng dạy CNTT'!F$6,0) -> 3 | G19: =VLOOKUP($D19,'Khung_CTĐT_CNTT_K30 (2024)'!$B$10:$L$96,'Ke hoach giảng dạy CNTT'!G$6,0) -> 30 | H19: =VLOOKUP($D19,'Khung_CTĐT_CNTT_K30 (2024)'!$B$10:$L$96,'Ke hoach giảng dạy CNTT'!H$6,0) -> 30 | I19: =VLOOKUP($D19,'Khung_CTĐT_CNTT_K30 (2024)'!$B$10:$L$96,'Ke hoach giảng dạy CNTT'!I$6,0) -> 0 | J19: =VLOOKUP($D19,'Khung_CTĐT_CNTT_K30 (2024)'!$B$10:$L$96,'Ke hoach giảng dạy CNTT'!J$6,0) -> 0 | K19: =VLOOKUP($D19,'Khung_CTĐT_CNTT_K30 (2024)'!$B$10:$L$96,'Ke hoach giảng dạy CNTT'!K$6,0) -> BB | L19: =VLOOKUP($D19,'Khung_CTĐT_CNTT_K30 (2024)'!$B$10:$L$96,'Ke hoach giảng dạy CNTT'!L$6,0) -> [71ENG110013]Anh văn 1 (AV1) | M19: =VLOOKUP($D19,'Khung_CTĐT_CNTT_K30 (2024)'!$B$10:$L$96,'Ke hoach giảng dạy CNTT'!M$6,0) -> Không | Q19: =Q18 -> 2 | R19: =IFERROR(VLOOKUP(D19,$D$9:D18,1,0),"")
B20: 2 | C20: 1 | D20: 71ITMA10104 | E20: =VLOOKUP($D20,'Khung_CTĐT_CNTT_K30 (2024)'!$B$10:$L$96,'Ke hoach giảng dạy CNTT'!E$6,0) -> Toán cao cấp và ứng dụng | F20: =VLOOKUP($D20,'Khung_CTĐT_CNTT_K30 (2024)'!$B$10:$L$96,'Ke hoach giảng dạy CNTT'!F$6,0) -> 4 | G20: =VLOOKUP($D20,'Khung_CTĐT_CNTT_K30 (2024)'!$B$10:$L$96,'Ke hoach giảng dạy CNTT'!G$6,0) -> 45 | H20: =VLOOKUP($D20,'Khung_CTĐT_CNTT_K30 (2024)'!$B$10:$L$96,'Ke hoach giảng dạy CNTT'!H$6,0) -> 30 | I20: =VLOOKUP($D20,'Khung_CTĐT_CNTT_K30 (2024)'!$B$10:$L$96,'Ke hoach giảng dạy CNTT'!I$6,0) -> 0 | J20: =VLOOKUP($D20,'Khung_CTĐT_CNTT_K30 (2024)'!$B$10:$L$96,'Ke hoach giảng dạy CNTT'!J$6,0) -> 0 | K20: =VLOOKUP($D20,'Khung_CTĐT_CNTT_K30 (2024)'!$B$10:$L$96,'Ke hoach giảng dạy CNTT'!K$6,0) -> BB | L20: =VLOOKUP($D20,'Khung_CTĐT_CNTT_K30 (2024)'!$B$10:$L$96,'Ke hoach giảng dạy CNTT'!L$6,0) -> Không | M20: =VLOOKUP($D20,'Khung_CTĐT_CNTT_K30 (2024)'!$B$10:$L$96,'Ke hoach giảng dạy CNTT'!M$6,0) -> Không | Q20: =Q19 -> 2 | R20: =IFERROR(VLOOKUP(D20,$D$9:D19,1,0),"")
B21: 2 | C21: 1 | D21: 71ITNW30103 | E21: =VLOOKUP($D21,'Khung_CTĐT_CNTT_K30 (2024)'!$B$10:$L$96,'Ke hoach giảng dạy CNTT'!E$6,0) -> Nhập môn Mạng máy tính và điện toán đám mây | F21: =VLOOKUP($D21,'Khung_CTĐT_CNTT_K30 (2024)'!$B$10:$L$96,'Ke hoach giảng dạy CNTT'!F$6,0) -> 3 | G21: =VLOOKUP($D21,'Khung_CTĐT_CNTT_K30 (2024)'!$B$10:$L$96,'Ke hoach giảng dạy CNTT'!G$6,0) -> 30 | H21: =VLOOKUP($D21,'Khung_CTĐT_CNTT_K30 (2024)'!$B$10:$L$96,'Ke hoach giảng dạy CNTT'!H$6,0) -> 30 | I21: =VLOOKUP($D21,'Khung_CTĐT_CNTT_K30 (2024)'!$B$10:$L$96,'Ke hoach giảng dạy CNTT'!I$6,0) -> 0 | J21: =VLOOKUP($D21,'Khung_CTĐT_CNTT_K30 (2024)'!$B$10:$L$96,'Ke hoach giảng dạy CNTT'!J$6,0) -> 0 | K21: =VLOOKUP($D21,'Khung_CTĐT_CNTT_K30 (2024)'!$B$10:$L$96,'Ke hoach giảng dạy CNTT'!K$6,0) -> BB | L21: =VLOOKUP($D21,'Khung_CTĐT_CNTT_K30 (2024)'!$B$10:$L$96,'Ke hoach giảng dạy CNTT'!L$6,0) -> Không | M21: =VLOOKUP($D21,'Khung_CTĐT_CNTT_K30 (2024)'!$B$10:$L$96,'Ke hoach giảng dạy CNTT'!M$6,0) -> Không | Q21: =Q20 -> 2 | R21: =IFERROR(VLOOKUP(D21,$D$9:D20,1,0),"")
B22: 2 | C22: 1 | D22: 71ITSE30103 | E22: =VLOOKUP($D22,'Khung_CTĐT_CNTT_K30 (2024)'!$B$10:$L$96,'Ke hoach giảng dạy CNTT'!E$6,0) -> Kỹ thuật lập trình | F22: =VLOOKUP($D22,'Khung_CTĐT_CNTT_K30 (2024)'!$B$10:$L$96,'Ke hoach giảng dạy CNTT'!F$6,0) -> 3 | G22: =VLOOKUP($D22,'Khung_CTĐT_CNTT_K30 (2024)'!$B$10:$L$96,'Ke hoach giảng dạy CNTT'!G$6,0) -> 30 | H22: =VLOOKUP($D22,'Khung_CTĐT_CNTT_K30 (2024)'!$B$10:$L$96,'Ke hoach giảng dạy CNTT'!H$6,0) -> 30 | I22: =VLOOKUP($D22,'Khung_CTĐT_CNTT_K30 (2024)'!$B$10:$L$96,'Ke hoach giảng dạy CNTT'!I$6,0) -> 0 | J22: =VLOOKUP($D22,'Khung_CTĐT_CNTT_K30 (2024)'!$B$10:$L$96,'Ke hoach giảng dạy CNTT'!J$6,0) -> 0 | K22: =VLOOKUP($D22,'Khung_CTĐT_CNTT_K30 (2024)'!$B$10:$L$96,'Ke hoach giảng dạy CNTT'!K$6,0) -> BB | L22: =VLOOKUP($D22,'Khung_CTĐT_CNTT_K30 (2024)'!$B$10:$L$96,'Ke hoach giảng dạy CNTT'!L$6,0) -> Không | M22: =VLOOKUP($D22,'Khung_CTĐT_CNTT_K30 (2024)'!$B$10:$L$96,'Ke hoach giảng dạy CNTT'!M$6,0) -> [71ITBS10203]Cơ sở lập trình | Q22: =Q21 -> 2 | R22: =IFERROR(VLOOKUP(D22,$D$9:D21,1,0),"")
Q23: =Q22 -> 2 | R23: =IFERROR(VLOOKUP(D23,$D$9:D22,1,0),"")
A24: HK243 3 | B24: 3 | C24: 1 | D24: 71POLE10022 | E24: =VLOOKUP($D24,'Khung_CTĐT_CNTT_K30 (2024)'!$B$10:$L$96,'Ke hoach giảng dạy CNTT'!E$6,0) -> Kinh tế chính trị Mác-Lênin | F24: =VLOOKUP($D24,'Khung_CTĐT_CNTT_K30 (2024)'!$B$10:$L$96,'Ke hoach giảng dạy CNTT'!F$6,0) -> 2 | G24: =VLOOKUP($D24,'Khung_CTĐT_CNTT_K30 (2024)'!$B$10:$L$96,'Ke hoach giảng dạy CNTT'!G$6,0) -> 30 | H24: =VLOOKUP($D24,'Khung_CTĐT_CNTT_K30 (2024)'!$B$10:$L$96,'Ke hoach giảng dạy CNTT'!H$6,0) -> 0 | I24: =VLOOKUP($D24,'Khung_CTĐT_CNTT_K30 (2024)'!$B$10:$L$96,'Ke hoach giảng dạy CNTT'!I$6,0) -> 0 | J24: =VLOOKUP($D24,'Khung_CTĐT_CNTT_K30 (2024)'!$B$10:$L$96,'Ke hoach giảng dạy CNTT'!J$6,0) -> 0 | K24: =VLOOKUP($D24,'Khung_CTĐT_CNTT_K30 (2024)'!$B$10:$L$96,'Ke hoach giảng dạy CNTT'!K$6,0) -> BB | L24: =VLOOKUP($D24,'Khung_CTĐT_CNTT_K30 (2024)'!$B$10:$L$96,'Ke hoach giảng dạy CNTT'!L$6,0) -> Không | M24: =VLOOKUP($D24,'Khung_CTĐT_CNTT_K30 (2024)'!$B$10:$L$96,'Ke hoach giảng dạy CNTT'!M$6,0) -> [71POLP10013]Triết học Mác-Lênin | N24: =SUM(F24:F28) -> 14 | P24: =P18+N24 -> 42 | Q24: 3 | R24: =IFERROR(VLOOKUP(D24,$D$9:D23,1,0),"")
B25: 3 | C25: 1 | D25: 71ENG310033 | E25: =VLOOKUP($D25,'Khung_CTĐT_CNTT_K30 (2024)'!$B$10:$L$96,'Ke hoach giảng dạy CNTT'!E$6,0) -> Anh văn 3 (AV3) | F25: =VLOOKUP($D25,'Khung_CTĐT_CNTT_K30 (2024)'!$B$10:$L$96,'Ke hoach giảng dạy CNTT'!F$6,0) -> 3 | G25: =VLOOKUP($D25,'Khung_CTĐT_CNTT_K30 (2024)'!$B$10:$L$96,'Ke hoach giảng dạy CNTT'!G$6,0) -> 30 | H25: =VLOOKUP($D25,'Khung_CTĐT_CNTT_K30 (2024)'!$B$10:$L$96,'Ke hoach giảng dạy CNTT'!H$6,0) -> 30 | I25: =VLOOKUP($D25,'Khung_CTĐT_CNTT_K30 (2024)'!$B$10:$L$96,'Ke hoach giảng dạy CNTT'!I$6,0) -> 0 | J25: =VLOOKUP($D25,'Khung_CTĐT_CNTT_K30 (2024)'!$B$10:$L$96,'Ke hoach giảng dạy CNTT'!J$6,0) -> 0 | K25: =VLOOKUP($D25,'Khung_CTĐT_CNTT_K30 (2024)'!$B$10:$L$96,'Ke hoach giảng dạy CNTT'!K$6,0) -> BB | L25: =VLOOKUP($D25,'Khung_CTĐT_CNTT_K30 (2024)'!$B$10:$L$96,'Ke hoach giảng dạy CNTT'!L$6,0) -> [71ENG210023]Anh văn 2 (AV2) | M25: =VLOOKUP($D25,'Khung_CTĐT_CNTT_K30 (2024)'!$B$10:$L$96,'Ke hoach giảng dạy CNTT'!M$6,0) -> Không | Q25: =Q24 -> 3 | R25: =IFERROR(VLOOKUP(D25,$D$9:D24,1,0),"")
B26: 3 | C26: 1 | D26: 71ITIS30103 | E26: =VLOOKUP($D26,'Khung_CTĐT_CNTT_K30 (2024)'!$B$10:$L$96,'Ke hoach giảng dạy CNTT'!E$6,0) -> Cơ sở dữ liệu | F26: =VLOOKUP($D26,'Khung_CTĐT_CNTT_K30 (2024)'!$B$10:$L$96,'Ke hoach giảng dạy CNTT'!F$6,0) -> 3 | G26: =VLOOKUP($D26,'Khung_CTĐT_CNTT_K30 (2024)'!$B$10:$L$96,'Ke hoach giảng dạy CNTT'!G$6,0) -> 30 | H26: =VLOOKUP($D26,'Khung_CTĐT_CNTT_K30 (2024)'!$B$10:$L$96,'Ke hoach giảng dạy CNTT'!H$6,0) -> 30 | I26: =VLOOKUP($D26,'Khung_CTĐT_CNTT_K30 (2024)'!$B$10:$L$96,'Ke hoach giảng dạy CNTT'!I$6,0) -> 0 | J26: =VLOOKUP($D26,'Khung_CTĐT_CNTT_K30 (2024)'!$B$10:$L$96,'Ke hoach giảng dạy CNTT'!J$6,0) -> 0 | K26: =VLOOKUP($D26,'Khung_CTĐT_CNTT_K30 (2024)'!$B$10:$L$96,'Ke hoach giảng dạy CNTT'!K$6,0) -> BB | L26: =VLOOKUP($D26,'Khung_CTĐT_CNTT_K30 (2024)'!$B$10:$L$96,'Ke hoach giảng dạy CNTT'!L$6,0) -> Không | M26: =VLOOKUP($D26,'Khung_CTĐT_CNTT_K30 (2024)'!$B$10:$L$96,'Ke hoach giảng dạy CNTT'!M$6,0) -> Không | Q26: =Q25 -> 3 | R26: =IFERROR(VLOOKUP(D26,$D$9:D25,1,0),"")
B27: 3 | C27: 1 | D27: 71ITSE30303 | E27: =VLOOKUP($D27,'Khung_CTĐT_CNTT_K30 (2024)'!$B$10:$L$96,'Ke hoach giảng dạy CNTT'!E$6,0) -> Cấu trúc dữ liệu và giải thuật | F27: =VLOOKUP($D27,'Khung_CTĐT_CNTT_K30 (2024)'!$B$10:$L$96,'Ke hoach giảng dạy CNTT'!F$6,0) -> 3 | G27: =VLOOKUP($D27,'Khung_CTĐT_CNTT_K30 (2024)'!$B$10:$L$96,'Ke hoach giảng dạy CNTT'!G$6,0) -> 30 | H27: =VLOOKUP($D27,'Khung_CTĐT_CNTT_K30 (2024)'!$B$10:$L$96,'Ke hoach giảng dạy CNTT'!H$6,0) -> 30 | I27: =VLOOKUP($D27,'Khung_CTĐT_CNTT_K30 (2024)'!$B$10:$L$96,'Ke hoach giảng dạy CNTT'!I$6,0) -> 0 | J27: =VLOOKUP($D27,'Khung_CTĐT_CNTT_K30 (2024)'!$B$10:$L$96,'Ke hoach giảng dạy CNTT'!J$6,0) -> 0 | K27: =VLOOKUP($D27,'Khung_CTĐT_CNTT_K30 (2024)'!$B$10:$L$96,'Ke hoach giảng dạy CNTT'!K$6,0) -> BB | L27: =VLOOKUP($D27,'Khung_CTĐT_CNTT_K30 (2024)'!$B$10:$L$96,'Ke hoach giảng dạy CNTT'!L$6,0) -> Không | M27: =VLOOKUP($D27,'Khung_CTĐT_CNTT_K30 (2024)'!$B$10:$L$96,'Ke hoach giảng dạy CNTT'!M$6,0) -> [71ITBS10203]Cơ sở lập trình | Q27: =Q26 -> 3 | R27: =IFERROR(VLOOKUP(D27,$D$9:D26,1,0),"")
B28: 3 | C28: 1 | D28: 71MATL10053 | E28: =VLOOKUP($D28,'Khung_CTĐT_CNTT_K30 (2024)'!$B$10:$L$96,'Ke hoach giảng dạy CNTT'!E$6,0) -> Đại số tuyến tính và ứng dụng | F28: =VLOOKUP($D28,'Khung_CTĐT_CNTT_K30 (2024)'!$B$10:$L$96,'Ke hoach giảng dạy CNTT'!F$6,0) -> 3 | G28: =VLOOKUP($D28,'Khung_CTĐT_CNTT_K30 (2024)'!$B$10:$L$96,'Ke hoach giảng dạy CNTT'!G$6,0) -> 30 | H28: =VLOOKUP($D28,'Khung_CTĐT_CNTT_K30 (2024)'!$B$10:$L$96,'Ke hoach giảng dạy CNTT'!H$6,0) -> 30 | I28: =VLOOKUP($D28,'Khung_CTĐT_CNTT_K30 (2024)'!$B$10:$L$96,'Ke hoach giảng dạy CNTT'!I$6,0) -> 0 | J28: =VLOOKUP($D28,'Khung_CTĐT_CNTT_K30 (2024)'!$B$10:$L$96,'Ke hoach giảng dạy CNTT'!J$6,0) -> 0 | K28: =VLOOKUP($D28,'Khung_CTĐT_CNTT_K30 (2024)'!$B$10:$L$96,'Ke hoach giảng dạy CNTT'!K$6,0) -> BB | L28: =VLOOKUP($D28,'Khung_CTĐT_CNTT_K30 (2024)'!$B$10:$L$96,'Ke hoach giảng dạy CNTT'!L$6,0) -> Không | M28: =VLOOKUP($D28,'Khung_CTĐT_CNTT_K30 (2024)'!$B$10:$L$96,'Ke hoach giảng dạy CNTT'!M$6,0) -> Không | Q28: =Q27 -> 3 | R28: =IFERROR(VLOOKUP(D28,$D$9:D27,1,0),"")
Q29: =Q28 -> 3 | R29: =IFERROR(VLOOKUP(D29,$D$9:D28,1,0),"")
A30: HK251 4 | B30: 1 | C30: 2 | N30: =SUM(F30:F34) -> 13 | P30: =P24+N30 -> 55 | Q30: 4 | R30: =IFERROR(VLOOKUP(D30,$D$9:D29,1,0),"")
B31: 1 | C31: 2 | D31: 71ENG410043 | E31: =VLOOKUP($D31,'Khung_CTĐT_CNTT_K30 (2024)'!$B$10:$L$96,'Ke hoach giảng dạy CNTT'!E$6,0) -> Anh văn 4 (AV4) | F31: =VLOOKUP($D31,'Khung_CTĐT_CNTT_K30 (2024)'!$B$10:$L$96,'Ke hoach giảng dạy CNTT'!F$6,0) -> 3 | G31: =VLOOKUP($D31,'Khung_CTĐT_CNTT_K30 (2024)'!$B$10:$L$96,'Ke hoach giảng dạy CNTT'!G$6,0) -> 30 | H31: =VLOOKUP($D31,'Khung_CTĐT_CNTT_K30 (2024)'!$B$10:$L$96,'Ke hoach giảng dạy CNTT'!H$6,0) -> 30 | I31: =VLOOKUP($D31,'Khung_CTĐT_CNTT_K30 (2024)'!$B$10:$L$96,'Ke hoach giảng dạy CNTT'!I$6,0) -> 0 | J31: =VLOOKUP($D31,'Khung_CTĐT_CNTT_K30 (2024)'!$B$10:$L$96,'Ke hoach giảng dạy CNTT'!J$6,0) -> 0 | K31: =VLOOKUP($D31,'Khung_CTĐT_CNTT_K30 (2024)'!$B$10:$L$96,'Ke hoach giảng dạy CNTT'!K$6,0) -> BB | L31: =VLOOKUP($D31,'Khung_CTĐT_CNTT_K30 (2024)'!$B$10:$L$96,'Ke hoach giảng dạy CNTT'!L$6,0) -> [71ENG310033]Anh văn 3 (AV3) | M31: =VLOOKUP($D31,'Khung_CTĐT_CNTT_K30 (2024)'!$B$10:$L$96,'Ke hoach giảng dạy CNTT'!M$6,0) -> Không | Q31: =Q30 -> 4 | R31: =IFERROR(VLOOKUP(D31,$D$9:D30,1,0),"")
B32: 1 | C32: 2 | D32: 71ITMA10403 | E32: =VLOOKUP($D32,'Khung_CTĐT_CNTT_K30 (2024)'!$B$10:$L$96,'Ke hoach giảng dạy CNTT'!E$6,0) -> Toán rời rạc | F32: =VLOOKUP($D32,'Khung_CTĐT_CNTT_K30 (2024)'!$B$10:$L$96,'Ke hoach giảng dạy CNTT'!F$6,0) -> 4 | G32: =VLOOKUP($D32,'Khung_CTĐT_CNTT_K30 (2024)'!$B$10:$L$96,'Ke hoach giảng dạy CNTT'!G$6,0) -> 45 | H32: =VLOOKUP($D32,'Khung_CTĐT_CNTT_K30 (2024)'!$B$10:$L$96,'Ke hoach giảng dạy CNTT'!H$6,0) -> 30 | I32: =VLOOKUP($D32,'Khung_CTĐT_CNTT_K30 (2024)'!$B$10:$L$96,'Ke hoach giảng dạy CNTT'!I$6,0) -> 0 | J32: =VLOOKUP($D32,'Khung_CTĐT_CNTT_K30 (2024)'!$B$10:$L$96,'Ke hoach giảng dạy CNTT'!J$6,0) -> 0 | K32: =VLOOKUP($D32,'Khung_CTĐT_CNTT_K30 (2024)'!$B$10:$L$96,'Ke hoach giảng dạy CNTT'!K$6,0) -> BB | L32: =VLOOKUP($D32,'Khung_CTĐT_CNTT_K30 (2024)'!$B$10:$L$96,'Ke hoach giảng dạy CNTT'!L$6,0) -> Không | M32: =VLOOKUP($D32,'Khung_CTĐT_CNTT_K30 (2024)'!$B$10:$L$96,'Ke hoach giảng dạy CNTT'!M$6,0) -> [71ITMA10104]Toán cao cấp và ứng dụng | Q32: =Q31 -> 4 | R32: =IFERROR(VLOOKUP(D32,$D$9:D31,1,0),"")
B33: 1 | C33: 2 | D33: 71ITSE30203 | E33: =VLOOKUP($D33,'Khung_CTĐT_CNTT_K30 (2024)'!$B$10:$L$96,'Ke hoach giảng dạy CNTT'!E$6,0) -> Lập trình hướng đối tượng | F33: =VLOOKUP($D33,'Khung_CTĐT_CNTT_K30 (2024)'!$B$10:$L$96,'Ke hoach giảng dạy CNTT'!F$6,0) -> 3 | G33: =VLOOKUP($D33,'Khung_CTĐT_CNTT_K30 (2024)'!$B$10:$L$96,'Ke hoach giảng dạy CNTT'!G$6,0) -> 30 | H33: =VLOOKUP($D33,'Khung_CTĐT_CNTT_K30 (2024)'!$B$10:$L$96,'Ke hoach giảng dạy CNTT'!H$6,0) -> 30 | I33: =VLOOKUP($D33,'Khung_CTĐT_CNTT_K30 (2024)'!$B$10:$L$96,'Ke hoach giảng dạy CNTT'!I$6,0) -> 0 | J33: =VLOOKUP($D33,'Khung_CTĐT_CNTT_K30 (2024)'!$B$10:$L$96,'Ke hoach giảng dạy CNTT'!J$6,0) -> 0 | K33: =VLOOKUP($D33,'Khung_CTĐT_CNTT_K30 (2024)'!$B$10:$L$96,'Ke hoach giảng dạy CNTT'!K$6,0) -> BB | L33: =VLOOKUP($D33,'Khung_CTĐT_CNTT_K30 (2024)'!$B$10:$L$96,'Ke hoach giảng dạy CNTT'!L$6,0) -> Không | M33: =VLOOKUP($D33,'Khung_CTĐT_CNTT_K30 (2024)'!$B$10:$L$96,'Ke hoach giảng dạy CNTT'!M$6,0) -> [71ITBS10203]Cơ sở lập trình | Q33: =Q32 -> 4 | R33: =IFERROR(VLOOKUP(D33,$D$9:D32,1,0),"")
B34: 1 | C34: 2 | D34: 71ITSE30503 | E34: =VLOOKUP($D34,'Khung_CTĐT_CNTT_K30 (2024)'!$B$10:$L$96,'Ke hoach giảng dạy CNTT'!E$6,0) -> Lập trình ứng dụng Web | F34: =VLOOKUP($D34,'Khung_CTĐT_CNTT_K30 (2024)'!$B$10:$L$96,'Ke hoach giảng dạy CNTT'!F$6,0) -> 3 | G34: =VLOOKUP($D34,'Khung_CTĐT_CNTT_K30 (2024)'!$B$10:$L$96,'Ke hoach giảng dạy CNTT'!G$6,0) -> 30 | H34: =VLOOKUP($D34,'Khung_CTĐT_CNTT_K30 (2024)'!$B$10:$L$96,'Ke hoach giảng dạy CNTT'!H$6,0) -> 30 | I34: =VLOOKUP($D34,'Khung_CTĐT_CNTT_K30 (2024)'!$B$10:$L$96,'Ke hoach giảng dạy CNTT'!I$6,0) -> 0 | J34: =VLOOKUP($D34,'Khung_CTĐT_CNTT_K30 (2024)'!$B$10:$L$96,'Ke hoach giảng dạy CNTT'!J$6,0) -> 0 | K34: =VLOOKUP($D34,'Khung_CTĐT_CNTT_K30 (2024)'!$B$10:$L$96,'Ke hoach giảng dạy CNTT'!K$6,0) -> BB | L34: =VLOOKUP($D34,'Khung_CTĐT_CNTT_K30 (2024)'!$B$10:$L$96,'Ke hoach giảng dạy CNTT'!L$6,0) -> Không | M34: =VLOOKUP($D34,'Khung_CTĐT_CNTT_K30 (2024)'!$B$10:$L$96,'Ke hoach giảng dạy CNTT'!M$6,0) -> [71ITBS10203]Cơ sở lập trình | Q34: =Q33 -> 4 | R34: =IFERROR(VLOOKUP(D34,$D$9:D33,1,0),"")
A35: HK252 5 | B35: 2 | D35: 71POLS10032 | E35: =VLOOKUP($D35,'Khung_CTĐT_CNTT_K30 (2024)'!$B$10:$L$96,'Ke hoach giảng dạy CNTT'!E$6,0) -> Chủ nghĩa xã hội khoa học | F35: =VLOOKUP($D35,'Khung_CTĐT_CNTT_K30 (2024)'!$B$10:$L$96,'Ke hoach giảng dạy CNTT'!F$6,0) -> 2 | G35: =VLOOKUP($D35,'Khung_CTĐT_CNTT_K30 (2024)'!$B$10:$L$96,'Ke hoach giảng dạy CNTT'!G$6,0) -> 30 | H35: =VLOOKUP($D35,'Khung_CTĐT_CNTT_K30 (2024)'!$B$10:$L$96,'Ke hoach giảng dạy CNTT'!H$6,0) -> 0 | I35: =VLOOKUP($D35,'Khung_CTĐT_CNTT_K30 (2024)'!$B$10:$L$96,'Ke hoach giảng dạy CNTT'!I$6,0) -> 0 | J35: =VLOOKUP($D35,'Khung_CTĐT_CNTT_K30 (2024)'!$B$10:$L$96,'Ke hoach giảng dạy CNTT'!J$6,0) -> 0 | K35: =VLOOKUP($D35,'Khung_CTĐT_CNTT_K30 (2024)'!$B$10:$L$96,'Ke hoach giảng dạy CNTT'!K$6,0) -> BB | L35: =VLOOKUP($D35,'Khung_CTĐT_CNTT_K30 (2024)'!$B$10:$L$96,'Ke hoach giảng dạy CNTT'!L$6,0) -> Không | M35: =VLOOKUP($D35,'Khung_CTĐT_CNTT_K30 (2024)'!$B$10:$L$96,'Ke hoach giảng dạy CNTT'!M$6,0) -> [71POLP10013]Triết học Mác-Lênin | N35: =SUM(F35:F37)+6 -> 14 | P35: =P30+N35 -> 69 | Q35: 5 | R35: =IFERROR(VLOOKUP(D35,$D$9:D34,1,0),"")
B36: 2 | C36: 2 | D36: 71ENG510053 | E36: =VLOOKUP($D36,'Khung_CTĐT_CNTT_K30 (2024)'!$B$10:$L$96,'Ke hoach giảng dạy CNTT'!E$6,0) -> Anh văn 5 (AV5) | F36: =VLOOKUP($D36,'Khung_CTĐT_CNTT_K30 (2024)'!$B$10:$L$96,'Ke hoach giảng dạy CNTT'!F$6,0) -> 3 | G36: =VLOOKUP($D36,'Khung_CTĐT_CNTT_K30 (2024)'!$B$10:$L$96,'Ke hoach giảng dạy CNTT'!G$6,0) -> 30 | H36: =VLOOKUP($D36,'Khung_CTĐT_CNTT_K30 (2024)'!$B$10:$L$96,'Ke hoach giảng dạy CNTT'!H$6,0) -> 30 | I36: =VLOOKUP($D36,'Khung_CTĐT_CNTT_K30 (2024)'!$B$10:$L$96,'Ke hoach giảng dạy CNTT'!I$6,0) -> 0 | J36: =VLOOKUP($D36,'Khung_CTĐT_CNTT_K30 (2024)'!$B$10:$L$96,'Ke hoach giảng dạy CNTT'!J$6,0) -> 0 | K36: =VLOOKUP($D36,'Khung_CTĐT_CNTT_K30 (2024)'!$B$10:$L$96,'Ke hoach giảng dạy CNTT'!K$6,0) -> BB | L36: =VLOOKUP($D36,'Khung_CTĐT_CNTT_K30 (2024)'!$B$10:$L$96,'Ke hoach giảng dạy CNTT'!L$6,0) -> [71ENG410043]Anh văn 4 (AV4) | M36: =VLOOKUP($D36,'Khung_CTĐT_CNTT_K30 (2024)'!$B$10:$L$96,'Ke hoach giảng dạy CNTT'!M$6,0) -> Không | Q36: =Q35 -> 5 | R36: =IFERROR(VLOOKUP(D36,$D$9:D35,1,0),"")
B37: 2 | C37: 2 | D37: 71ITDS30103 | E37: =VLOOKUP($D37,'Khung_CTĐT_CNTT_K30 (2024)'!$B$10:$L$96,'Ke hoach giảng dạy CNTT'!E$6,0) -> Các nền tảng phát triển phần mềm | F37: =VLOOKUP($D37,'Khung_CTĐT_CNTT_K30 (2024)'!$B$10:$L$96,'Ke hoach giảng dạy CNTT'!F$6,0) -> 3 | G37: =VLOOKUP($D37,'Khung_CTĐT_CNTT_K30 (2024)'!$B$10:$L$96,'Ke hoach giảng dạy CNTT'!G$6,0) -> 30 | H37: =VLOOKUP($D37,'Khung_CTĐT_CNTT_K30 (2024)'!$B$10:$L$96,'Ke hoach giảng dạy CNTT'!H$6,0) -> 30 | I37: =VLOOKUP($D37,'Khung_CTĐT_CNTT_K30 (2024)'!$B$10:$L$96,'Ke hoach giảng dạy CNTT'!I$6,0) -> 0 | J37: =VLOOKUP($D37,'Khung_CTĐT_CNTT_K30 (2024)'!$B$10:$L$96,'Ke hoach giảng dạy CNTT'!J$6,0) -> 0 | K37: =VLOOKUP($D37,'Khung_CTĐT_CNTT_K30 (2024)'!$B$10:$L$96,'Ke hoach giảng dạy CNTT'!K$6,0) -> BB | L37: =VLOOKUP($D37,'Khung_CTĐT_CNTT_K30 (2024)'!$B$10:$L$96,'Ke hoach giảng dạy CNTT'!L$6,0) -> Không | M37: =VLOOKUP($D37,'Khung_CTĐT_CNTT_K30 (2024)'!$B$10:$L$96,'Ke hoach giảng dạy CNTT'!M$6,0) -> [71ITBS10103]Nhập môn công nghệ thông tin | Q37: =Q36 -> 5 | R37: =IFERROR(VLOOKUP(D37,$D$9:D36,1,0),"")
C38: Chọn 2 trong 6 HP tự chọn Cơ sở ngành | Q38: =Q37 -> 5 | R38: =IFERROR(VLOOKUP(D38,$D$9:D37,1,0),"")
B39: 2 | C39: 2 | D39: 71ISBC30103 | E39: =VLOOKUP($D39,'Khung_CTĐT_CNTT_K30 (2024)'!$B$10:$L$96,'Ke hoach giảng dạy CNTT'!E$6,0) -> Nhập môn Hệ thống thông tin | F39: =VLOOKUP($D39,'Khung_CTĐT_CNTT_K30 (2024)'!$B$10:$L$96,'Ke hoach giảng dạy CNTT'!F$6,0) -> 3 | G39: =VLOOKUP($D39,'Khung_CTĐT_CNTT_K30 (2024)'!$B$10:$L$96,'Ke hoach giảng dạy CNTT'!G$6,0) -> 30 | H39: =VLOOKUP($D39,'Khung_CTĐT_CNTT_K30 (2024)'!$B$10:$L$96,'Ke hoach giảng dạy CNTT'!H$6,0) -> 30 | I39: =VLOOKUP($D39,'Khung_CTĐT_CNTT_K30 (2024)'!$B$10:$L$96,'Ke hoach giảng dạy CNTT'!I$6,0) -> 0 | J39: =VLOOKUP($D39,'Khung_CTĐT_CNTT_K30 (2024)'!$B$10:$L$96,'Ke hoach giảng dạy CNTT'!J$6,0) -> 0 | K39: =VLOOKUP($D39,'Khung_CTĐT_CNTT_K30 (2024)'!$B$10:$L$96,'Ke hoach giảng dạy CNTT'!K$6,0) -> TC209 | L39: =VLOOKUP($D39,'Khung_CTĐT_CNTT_K30 (2024)'!$B$10:$L$96,'Ke hoach giảng dạy CNTT'!L$6,0) -> Không | M39: =VLOOKUP($D39,'Khung_CTĐT_CNTT_K30 (2024)'!$B$10:$L$96,'Ke hoach giảng dạy CNTT'!M$6,0) -> [71ITBS10103]Nhập môn công nghệ thông tin | Q39: =Q38 -> 5 | R39: =IFERROR(VLOOKUP(D39,$D$9:D38,1,0),"")
B40: 2 | C40: 2 | D40: 71ITNW30303 | E40: =VLOOKUP($D40,'Khung_CTĐT_CNTT_K30 (2024)'!$B$10:$L$96,'Ke hoach giảng dạy CNTT'!E$6,0) -> An ninh Mạng máy tính | F40: =VLOOKUP($D40,'Khung_CTĐT_CNTT_K30 (2024)'!$B$10:$L$96,'Ke hoach giảng dạy CNTT'!F$6,0) -> 3 | G40: =VLOOKUP($D40,'Khung_CTĐT_CNTT_K30 (2024)'!$B$10:$L$96,'Ke hoach giảng dạy CNTT'!G$6,0) -> 30 | H40: =VLOOKUP($D40,'Khung_CTĐT_CNTT_K30 (2024)'!$B$10:$L$96,'Ke hoach giảng dạy CNTT'!H$6,0) -> 30 | I40: =VLOOKUP($D40,'Khung_CTĐT_CNTT_K30 (2024)'!$B$10:$L$96,'Ke hoach giảng dạy CNTT'!I$6,0) -> 0 | J40: =VLOOKUP($D40,'Khung_CTĐT_CNTT_K30 (2024)'!$B$10:$L$96,'Ke hoach giảng dạy CNTT'!J$6,0) -> 0 | K40: =VLOOKUP($D40,'Khung_CTĐT_CNTT_K30 (2024)'!$B$10:$L$96,'Ke hoach giảng dạy CNTT'!K$6,0) -> TC209 | L40: =VLOOKUP($D40,'Khung_CTĐT_CNTT_K30 (2024)'!$B$10:$L$96,'Ke hoach giảng dạy CNTT'!L$6,0) -> Không | M40: =VLOOKUP($D40,'Khung_CTĐT_CNTT_K30 (2024)'!$B$10:$L$96,'Ke hoach giảng dạy CNTT'!M$6,0) -> Không | Q40: =Q39 -> 5 | R40: =IFERROR(VLOOKUP(D40,$D$9:D39,1,0),"")
B41: 2 | C41: 2 | D41: 71ITDS40203 | E41: =VLOOKUP($D41,'Khung_CTĐT_CNTT_K30 (2024)'!$B$10:$L$96,'Ke hoach giảng dạy CNTT'!E$6,0) -> Xác xuất thống kê ứng dụng | F41: =VLOOKUP($D41,'Khung_CTĐT_CNTT_K30 (2024)'!$B$10:$L$96,'Ke hoach giảng dạy CNTT'!F$6,0) -> 3 | G41: =VLOOKUP($D41,'Khung_CTĐT_CNTT_K30 (2024)'!$B$10:$L$96,'Ke hoach giảng dạy CNTT'!G$6,0) -> 30 | H41: =VLOOKUP($D41,'Khung_CTĐT_CNTT_K30 (2024)'!$B$10:$L$96,'Ke hoach giảng dạy CNTT'!H$6,0) -> 30 | I41: =VLOOKUP($D41,'Khung_CTĐT_CNTT_K30 (2024)'!$B$10:$L$96,'Ke hoach giảng dạy CNTT'!I$6,0) -> 0 | J41: =VLOOKUP($D41,'Khung_CTĐT_CNTT_K30 (2024)'!$B$10:$L$96,'Ke hoach giảng dạy CNTT'!J$6,0) -> 0 | K41: =VLOOKUP($D41,'Khung_CTĐT_CNTT_K30 (2024)'!$B$10:$L$96,'Ke hoach giảng dạy CNTT'!K$6,0) -> TC209 | L41: =VLOOKUP($D41,'Khung_CTĐT_CNTT_K30 (2024)'!$B$10:$L$96,'Ke hoach giảng dạy CNTT'!L$6,0) -> Không | M41: =VLOOKUP($D41,'Khung_CTĐT_CNTT_K30 (2024)'!$B$10:$L$96,'Ke hoach giảng dạy CNTT'!M$6,0) -> [71ITMA10403]Toán rời rạc | Q41: =Q40 -> 5 | R41: =IFERROR(VLOOKUP(D41,$D$9:D40,1,0),"")
B42: 2 | C42: 2 | D42: 71ITIS30303 | E42: =VLOOKUP($D42,'Khung_CTĐT_CNTT_K30 (2024)'!$B$10:$L$96,'Ke hoach giảng dạy CNTT'!E$6,0) -> Quản lý Dự án Công nghệ Thông tin | F42: =VLOOKUP($D42,'Khung_CTĐT_CNTT_K30 (2024)'!$B$10:$L$96,'Ke hoach giảng dạy CNTT'!F$6,0) -> 3 | G42: =VLOOKUP($D42,'Khung_CTĐT_CNTT_K30 (2024)'!$B$10:$L$96,'Ke hoach giảng dạy CNTT'!G$6,0) -> 30 | H42: =VLOOKUP($D42,'Khung_CTĐT_CNTT_K30 (2024)'!$B$10:$L$96,'Ke hoach giảng dạy CNTT'!H$6,0) -> 30 | I42: =VLOOKUP($D42,'Khung_CTĐT_CNTT_K30 (2024)'!$B$10:$L$96,'Ke hoach giảng dạy CNTT'!I$6,0) -> 0 | J42: =VLOOKUP($D42,'Khung_CTĐT_CNTT_K30 (2024)'!$B$10:$L$96,'Ke hoach giảng dạy CNTT'!J$6,0) -> 0 | K42: =VLOOKUP($D42,'Khung_CTĐT_CNTT_K30 (2024)'!$B$10:$L$96,'Ke hoach giảng dạy CNTT'!K$6,0) -> TC209 | L42: =VLOOKUP($D42,'Khung_CTĐT_CNTT_K30 (2024)'!$B$10:$L$96,'Ke hoach giảng dạy CNTT'!L$6,0) -> Không | M42: =VLOOKUP($D42,'Khung_CTĐT_CNTT_K30 (2024)'!$B$10:$L$96,'Ke hoach giảng dạy CNTT'!M$6,0) -> [71ITBS10103]Nhập môn công nghệ thông tin | Q42: =Q40 -> 5 | R42: =IFERROR(VLOOKUP(D42,$D$9:D40,1,0),"")
B43: 2 | C43: 2 | D43: 71ITIS30203 | E43: =VLOOKUP($D43,'Khung_CTĐT_CNTT_K30 (2024)'!$B$10:$L$96,'Ke hoach giảng dạy CNTT'!E$6,0) -> Hệ Quản trị Cơ sở dữ liệu | F43: =VLOOKUP($D43,'Khung_CTĐT_CNTT_K30 (2024)'!$B$10:$L$96,'Ke hoach giảng dạy CNTT'!F$6,0) -> 3 | G43: =VLOOKUP($D43,'Khung_CTĐT_CNTT_K30 (2024)'!$B$10:$L$96,'Ke hoach giảng dạy CNTT'!G$6,0) -> 30 | H43: =VLOOKUP($D43,'Khung_CTĐT_CNTT_K30 (2024)'!$B$10:$L$96,'Ke hoach giảng dạy CNTT'!H$6,0) -> 30 | I43: =VLOOKUP($D43,'Khung_CTĐT_CNTT_K30 (2024)'!$B$10:$L$96,'Ke hoach giảng dạy CNTT'!I$6,0) -> 0 | J43: =VLOOKUP($D43,'Khung_CTĐT_CNTT_K30 (2024)'!$B$10:$L$96,'Ke hoach giảng dạy CNTT'!J$6,0) -> 0 | K43: =VLOOKUP($D43,'Khung_CTĐT_CNTT_K30 (2024)'!$B$10:$L$96,'Ke hoach giảng dạy CNTT'!K$6,0) -> TC309 | L43: =VLOOKUP($D43,'Khung_CTĐT_CNTT_K30 (2024)'!$B$10:$L$96,'Ke hoach giảng dạy CNTT'!L$6,0) -> Không | M43: =VLOOKUP($D43,'Khung_CTĐT_CNTT_K30 (2024)'!$B$10:$L$96,'Ke hoach giảng dạy CNTT'!M$6,0) -> [71ITIS30103]Cơ sở dữ liệu | Q43: =Q41 -> 5 | R43: =IFERROR(VLOOKUP(D43,$D$9:D41,1,0),"")
B44: 2 | C44: 2 | D44: 71ITSE30403 | E44: =VLOOKUP($D44,'Khung_CTĐT_CNTT_K30 (2024)'!$B$10:$L$96,'Ke hoach giảng dạy CNTT'!E$6,0) -> Lập trình ứng dụng Java | F44: =VLOOKUP($D44,'Khung_CTĐT_CNTT_K30 (2024)'!$B$10:$L$96,'Ke hoach giảng dạy CNTT'!F$6,0) -> 3 | G44: =VLOOKUP($D44,'Khung_CTĐT_CNTT_K30 (2024)'!$B$10:$L$96,'Ke hoach giảng dạy CNTT'!G$6,0) -> 30 | H44: =VLOOKUP($D44,'Khung_CTĐT_CNTT_K30 (2024)'!$B$10:$L$96,'Ke hoach giảng dạy CNTT'!H$6,0) -> 30 | I44: =VLOOKUP($D44,'Khung_CTĐT_CNTT_K30 (2024)'!$B$10:$L$96,'Ke hoach giảng dạy CNTT'!I$6,0) -> 0 | J44: =VLOOKUP($D44,'Khung_CTĐT_CNTT_K30 (2024)'!$B$10:$L$96,'Ke hoach giảng dạy CNTT'!J$6,0) -> 0 | K44: =VLOOKUP($D44,'Khung_CTĐT_CNTT_K30 (2024)'!$B$10:$L$96,'Ke hoach giảng dạy CNTT'!K$6,0) -> TC209 | L44: =VLOOKUP($D44,'Khung_CTĐT_CNTT_K30 (2024)'!$B$10:$L$96,'Ke hoach giảng dạy CNTT'!L$6,0) -> Không | M44: =VLOOKUP($D44,'Khung_CTĐT_CNTT_K30 (2024)'!$B$10:$L$96,'Ke hoach giảng dạy CNTT'!M$6,0) -> Không | Q44: =Q43 -> 5 | R44: =IFERROR(VLOOKUP(D44,$D$9:D43,1,0),"")
A45: HK253 6 | B45: 3 | N45: =SUM(F45:F47)+3+3 -> 12 | P45: =P35+N45 -> 81 | Q45: 6 | R45: =IFERROR(VLOOKUP(D45,$D$9:D44,1,0),"")
B46: 3 | C46: 2 | D46: 71ENG610063 | E46: =VLOOKUP($D46,'Khung_CTĐT_CNTT_K30 (2024)'!$B$10:$L$96,'Ke hoach giảng dạy CNTT'!E$6,0) -> Anh văn 6 (AV6) | F46: =VLOOKUP($D46,'Khung_CTĐT_CNTT_K30 (2024)'!$B$10:$L$96,'Ke hoach giảng dạy CNTT'!F$6,0) -> 3 | G46: =VLOOKUP($D46,'Khung_CTĐT_CNTT_K30 (2024)'!$B$10:$L$96,'Ke hoach giảng dạy CNTT'!G$6,0) -> 45 | H46: =VLOOKUP($D46,'Khung_CTĐT_CNTT_K30 (2024)'!$B$10:$L$96,'Ke hoach giảng dạy CNTT'!H$6,0) -> 0 | I46: =VLOOKUP($D46,'Khung_CTĐT_CNTT_K30 (2024)'!$B$10:$L$96,'Ke hoach giảng dạy CNTT'!I$6,0) -> 0 | J46: =VLOOKUP($D46,'Khung_CTĐT_CNTT_K30 (2024)'!$B$10:$L$96,'Ke hoach giảng dạy CNTT'!J$6,0) -> 0 | K46: =VLOOKUP($D46,'Khung_CTĐT_CNTT_K30 (2024)'!$B$10:$L$96,'Ke hoach giảng dạy CNTT'!K$6,0) -> BB | L46: =VLOOKUP($D46,'Khung_CTĐT_CNTT_K30 (2024)'!$B$10:$L$96,'Ke hoach giảng dạy CNTT'!L$6,0) -> [71ENG510053]Anh văn 5 (AV5) | M46: =VLOOKUP($D46,'Khung_CTĐT_CNTT_K30 (2024)'!$B$10:$L$96,'Ke hoach giảng dạy CNTT'!M$6,0) -> Không | Q46: =Q45 -> 6 | R46: =IFERROR(VLOOKUP(D46,$D$9:D45,1,0),"")
B47: 3 | C47: 2 | D47: 71ITAI40103 | E47: =VLOOKUP($D47,'Khung_CTĐT_CNTT_K30 (2024)'!$B$10:$L$96,'Ke hoach giảng dạy CNTT'!E$6,0) -> Nhập môn Trí tuệ nhân tạo | F47: =VLOOKUP($D47,'Khung_CTĐT_CNTT_K30 (2024)'!$B$10:$L$96,'Ke hoach giảng dạy CNTT'!F$6,0) -> 3 | G47: =VLOOKUP($D47,'Khung_CTĐT_CNTT_K30 (2024)'!$B$10:$L$96,'Ke hoach giảng dạy CNTT'!G$6,0) -> 30 | H47: =VLOOKUP($D47,'Khung_CTĐT_CNTT_K30 (2024)'!$B$10:$L$96,'Ke hoach giảng dạy CNTT'!H$6,0) -> 30 | I47: =VLOOKUP($D47,'Khung_CTĐT_CNTT_K30 (2024)'!$B$10:$L$96,'Ke hoach giảng dạy CNTT'!I$6,0) -> 0 | J47: =VLOOKUP($D47,'Khung_CTĐT_CNTT_K30 (2024)'!$B$10:$L$96,'Ke hoach giảng dạy CNTT'!J$6,0) -> 0 | K47: =VLOOKUP($D47,'Khung_CTĐT_CNTT_K30 (2024)'!$B$10:$L$96,'Ke hoach giảng dạy CNTT'!K$6,0) -> BB | L47: =VLOOKUP($D47,'Khung_CTĐT_CNTT_K30 (2024)'!$B$10:$L$96,'Ke hoach giảng dạy CNTT'!L$6,0) -> Không | M47: =VLOOKUP($D47,'Khung_CTĐT_CNTT_K30 (2024)'!$B$10:$L$96,'Ke hoach giảng dạy CNTT'!M$6,0) -> [71ITBS10203]Cơ sở lập trình | Q47: =Q46 -> 6 | R47: =IFERROR(VLOOKUP(D47,$D$9:D46,1,0),"")
C48: Chuyên ngành CNPM | Q48: =Q47 -> 6 | R48: =IFERROR(VLOOKUP(D48,$D$9:D47,1,0),"")
B49: 3 | C49: 2 | D49: 71ITSE41003 | E49: =VLOOKUP($D49,'Khung_CTĐT_CNTT_K30 (2024)'!$B$10:$L$96,'Ke hoach giảng dạy CNTT'!E$6,0) -> Nhập môn Công nghệ phần mềm | F49: =VLOOKUP($D49,'Khung_CTĐT_CNTT_K30 (2024)'!$B$10:$L$96,'Ke hoach giảng dạy CNTT'!F$6,0) -> 3 | G49: =VLOOKUP($D49,'Khung_CTĐT_CNTT_K30 (2024)'!$B$10:$L$96,'Ke hoach giảng dạy CNTT'!G$6,0) -> 30 | H49: =VLOOKUP($D49,'Khung_CTĐT_CNTT_K30 (2024)'!$B$10:$L$96,'Ke hoach giảng dạy CNTT'!H$6,0) -> 30 | I49: =VLOOKUP($D49,'Khung_CTĐT_CNTT_K30 (2024)'!$B$10:$L$96,'Ke hoach giảng dạy CNTT'!I$6,0) -> 0 | J49: =VLOOKUP($D49,'Khung_CTĐT_CNTT_K30 (2024)'!$B$10:$L$96,'Ke hoach giảng dạy CNTT'!J$6,0) -> 0 | K49: =VLOOKUP($D49,'Khung_CTĐT_CNTT_K30 (2024)'!$B$10:$L$96,'Ke hoach giảng dạy CNTT'!K$6,0) -> BB | L49: =VLOOKUP($D49,'Khung_CTĐT_CNTT_K30 (2024)'!$B$10:$L$96,'Ke hoach giảng dạy CNTT'!L$6,0) -> Không | M49: =VLOOKUP($D49,'Khung_CTĐT_CNTT_K30 (2024)'!$B$10:$L$96,'Ke hoach giảng dạy CNTT'!M$6,0) -> [71ITBS10103]Nhập môn công nghệ thông tin | Q49: =Q48 -> 6 | R49: =IFERROR(VLOOKUP(D49,$D$9:D48,1,0),"")
C50: Chuyên ngành CNDL | Q50: =Q49 -> 6 | R50: =IFERROR(VLOOKUP(D50,$D$9:D49,1,0),"")
B51: 3 | C51: 2 | D51: 71ITDS40303 | E51: =VLOOKUP($D51,'Khung_CTĐT_CNTT_K30 (2024)'!$B$10:$L$96,'Ke hoach giảng dạy CNTT'!E$6,0) -> Nhập môn Phân tích Dữ liệu lớn | F51: =VLOOKUP($D51,'Khung_CTĐT_CNTT_K30 (2024)'!$B$10:$L$96,'Ke hoach giảng dạy CNTT'!F$6,0) -> 3 | G51: =VLOOKUP($D51,'Khung_CTĐT_CNTT_K30 (2024)'!$B$10:$L$96,'Ke hoach giảng dạy CNTT'!G$6,0) -> 30 | H51: =VLOOKUP($D51,'Khung_CTĐT_CNTT_K30 (2024)'!$B$10:$L$96,'Ke hoach giảng dạy CNTT'!H$6,0) -> 30 | I51: =VLOOKUP($D51,'Khung_CTĐT_CNTT_K30 (2024)'!$B$10:$L$96,'Ke hoach giảng dạy CNTT'!I$6,0) -> 0 | J51: =VLOOKUP($D51,'Khung_CTĐT_CNTT_K30 (2024)'!$B$10:$L$96,'Ke hoach giảng dạy CNTT'!J$6,0) -> 0 | K51: =VLOOKUP($D51,'Khung_CTĐT_CNTT_K30 (2024)'!$B$10:$L$96,'Ke hoach giảng dạy CNTT'!K$6,0) -> BB | L51: =VLOOKUP($D51,'Khung_CTĐT_CNTT_K30 (2024)'!$B$10:$L$96,'Ke hoach giảng dạy CNTT'!L$6,0) -> Không | M51: =VLOOKUP($D51,'Khung_CTĐT_CNTT_K30 (2024)'!$B$10:$L$96,'Ke hoach giảng dạy CNTT'!M$6,0) -> Không | Q51: =Q50 -> 6 | R51: =IFERROR(VLOOKUP(D51,$D$9:D50,1,0),"")
C52: Chuyên ngành Trí tuệ Nhân tạo | Q52: =Q51 -> 6 | R52: =IFERROR(VLOOKUP(D52,$D$9:D51,1,0),"")
B53: 3 | C53: 2 | D53: 71ITAI40803 | E53: =VLOOKUP($D53,'Khung_CTĐT_CNTT_K30 (2024)'!$B$10:$L$96,'Ke hoach giảng dạy CNTT'!E$6,0) -> Nhập môn xử lý ảnh số | F53: =VLOOKUP($D53,'Khung_CTĐT_CNTT_K30 (2024)'!$B$10:$L$96,'Ke hoach giảng dạy CNTT'!F$6,0) -> 3 | G53: =VLOOKUP($D53,'Khung_CTĐT_CNTT_K30 (2024)'!$B$10:$L$96,'Ke hoach giảng dạy CNTT'!G$6,0) -> 30 | H53: =VLOOKUP($D53,'Khung_CTĐT_CNTT_K30 (2024)'!$B$10:$L$96,'Ke hoach giảng dạy CNTT'!H$6,0) -> 30 | I53: =VLOOKUP($D53,'Khung_CTĐT_CNTT_K30 (2024)'!$B$10:$L$96,'Ke hoach giảng dạy CNTT'!I$6,0) -> 0 | J53: =VLOOKUP($D53,'Khung_CTĐT_CNTT_K30 (2024)'!$B$10:$L$96,'Ke hoach giảng dạy CNTT'!J$6,0) -> 0 | K53: =VLOOKUP($D53,'Khung_CTĐT_CNTT_K30 (2024)'!$B$10:$L$96,'Ke hoach giảng dạy CNTT'!K$6,0) -> BB | L53: =VLOOKUP($D53,'Khung_CTĐT_CNTT_K30 (2024)'!$B$10:$L$96,'Ke hoach giảng dạy CNTT'!L$6,0) -> Không | M53: =VLOOKUP($D53,'Khung_CTĐT_CNTT_K30 (2024)'!$B$10:$L$96,'Ke hoach giảng dạy CNTT'!M$6,0) -> Không | Q53: =Q52 -> 6 | R53: =IFERROR(VLOOKUP(D53,$D$9:D52,1,0),"")
C54: Chọn 1 trong 3 HP tự chọn Cơ sở ngành sau | Q54: =Q53 -> 6 | R54: =IFERROR(VLOOKUP(D54,$D$9:D53,1,0),"")
B55: 3 | C55: 2 | D55: 71NWSE40103 | E55: =VLOOKUP($D55,'Khung_CTĐT_CNTT_K30 (2024)'!$B$10:$L$96,'Ke hoach giảng dạy CNTT'!E$6,0) -> Nhập môn hệ thống nhúng | F55: =VLOOKUP($D55,'Khung_CTĐT_CNTT_K30 (2024)'!$B$10:$L$96,'Ke hoach giảng dạy CNTT'!F$6,0) -> 3 | G55: =VLOOKUP($D55,'Khung_CTĐT_CNTT_K30 (2024)'!$B$10:$L$96,'Ke hoach giảng dạy CNTT'!G$6,0) -> 30 | H55: =VLOOKUP($D55,'Khung_CTĐT_CNTT_K30 (2024)'!$B$10:$L$96,'Ke hoach giảng dạy CNTT'!H$6,0) -> 30 | I55: =VLOOKUP($D55,'Khung_CTĐT_CNTT_K30 (2024)'!$B$10:$L$96,'Ke hoach giảng dạy CNTT'!I$6,0) -> 0 | J55: =VLOOKUP($D55,'Khung_CTĐT_CNTT_K30 (2024)'!$B$10:$L$96,'Ke hoach giảng dạy CNTT'!J$6,0) -> 0 | K55: =VLOOKUP($D55,'Khung_CTĐT_CNTT_K30 (2024)'!$B$10:$L$96,'Ke hoach giảng dạy CNTT'!K$6,0) -> TC209 | L55: =VLOOKUP($D55,'Khung_CTĐT_CNTT_K30 (2024)'!$B$10:$L$96,'Ke hoach giảng dạy CNTT'!L$6,0) -> Không | M55: =VLOOKUP($D55,'Khung_CTĐT_CNTT_K30 (2024)'!$B$10:$L$96,'Ke hoach giảng dạy CNTT'!M$6,0) -> Không | Q55: =Q54 -> 6 | R55: =IFERROR(VLOOKUP(D55,$D$9:D54,1,0),"")
B56: 3 | C56: 2 | D56: 71ITSE30903 | E56: =VLOOKUP($D56,'Khung_CTĐT_CNTT_K30 (2024)'!$B$10:$L$96,'Ke hoach giảng dạy CNTT'!E$6,0) -> Thiết kế giao diện người dùng | F56: =VLOOKUP($D56,'Khung_CTĐT_CNTT_K30 (2024)'!$B$10:$L$96,'Ke hoach giảng dạy CNTT'!F$6,0) -> 3 | G56: =VLOOKUP($D56,'Khung_CTĐT_CNTT_K30 (2024)'!$B$10:$L$96,'Ke hoach giảng dạy CNTT'!G$6,0) -> 30 | H56: =VLOOKUP($D56,'Khung_CTĐT_CNTT_K30 (2024)'!$B$10:$L$96,'Ke hoach giảng dạy CNTT'!H$6,0) -> 30 | I56: =VLOOKUP($D56,'Khung_CTĐT_CNTT_K30 (2024)'!$B$10:$L$96,'Ke hoach giảng dạy CNTT'!I$6,0) -> 0 | J56: =VLOOKUP($D56,'Khung_CTĐT_CNTT_K30 (2024)'!$B$10:$L$96,'Ke hoach giảng dạy CNTT'!J$6,0) -> 0 | K56: =VLOOKUP($D56,'Khung_CTĐT_CNTT_K30 (2024)'!$B$10:$L$96,'Ke hoach giảng dạy CNTT'!K$6,0) -> TC209 | L56: =VLOOKUP($D56,'Khung_CTĐT_CNTT_K30 (2024)'!$B$10:$L$96,'Ke hoach giảng dạy CNTT'!L$6,0) -> Không | M56: =VLOOKUP($D56,'Khung_CTĐT_CNTT_K30 (2024)'!$B$10:$L$96,'Ke hoach giảng dạy CNTT'!M$6,0) -> Không | Q56: =Q55 -> 6 | R56: =IFERROR(VLOOKUP(D56,$D$9:D55,1,0),"")
B57: 3 | C57: 2 | D57: 71ITDS30203 | E57: =VLOOKUP($D57,'Khung_CTĐT_CNTT_K30 (2024)'!$B$10:$L$96,'Ke hoach giảng dạy CNTT'!E$6,0) -> Nhập môn Phân tích Dữ liệu và Học sâu | F57: =VLOOKUP($D57,'Khung_CTĐT_CNTT_K30 (2024)'!$B$10:$L$96,'Ke hoach giảng dạy CNTT'!F$6,0) -> 3 | G57: =VLOOKUP($D57,'Khung_CTĐT_CNTT_K30 (2024)'!$B$10:$L$96,'Ke hoach giảng dạy CNTT'!G$6,0) -> 30 | H57: =VLOOKUP($D57,'Khung_CTĐT_CNTT_K30 (2024)'!$B$10:$L$96,'Ke hoach giảng dạy CNTT'!H$6,0) -> 30 | I57: =VLOOKUP($D57,'Khung_CTĐT_CNTT_K30 (2024)'!$B$10:$L$96,'Ke hoach giảng dạy CNTT'!I$6,0) -> 0 | J57: =VLOOKUP($D57,'Khung_CTĐT_CNTT_K30 (2024)'!$B$10:$L$96,'Ke hoach giảng dạy CNTT'!J$6,0) -> 0 | K57: =VLOOKUP($D57,'Khung_CTĐT_CNTT_K30 (2024)'!$B$10:$L$96,'Ke hoach giảng dạy CNTT'!K$6,0) -> TC209 | L57: =VLOOKUP($D57,'Khung_CTĐT_CNTT_K30 (2024)'!$B$10:$L$96,'Ke hoach giảng dạy CNTT'!L$6,0) -> Không | M57: =VLOOKUP($D57,'Khung_CTĐT_CNTT_K30 (2024)'!$B$10:$L$96,'Ke hoach giảng dạy CNTT'!M$6,0) -> Không | Q57: =Q56 -> 6 | R57: =IFERROR(VLOOKUP(D57,$D$9:D56,1,0),"")
Q58: =Q57 -> 6 | R58: =IFERROR(VLOOKUP(D58,$D$9:D57,1,0),"")
A59: HK261 7 | B59: 1 | C59: 3 | D59: 71ENG710073 | E59: =VLOOKUP($D59,'Khung_CTĐT_CNTT_K30 (2024)'!$B$10:$L$96,'Ke hoach giảng dạy CNTT'!E$6,0) -> Anh văn 7 (AV7) | F59: =VLOOKUP($D59,'Khung_CTĐT_CNTT_K30 (2024)'!$B$10:$L$96,'Ke hoach giảng dạy CNTT'!F$6,0) -> 3 | G59: =VLOOKUP($D59,'Khung_CTĐT_CNTT_K30 (2024)'!$B$10:$L$96,'Ke hoach giảng dạy CNTT'!G$6,0) -> 45 | H59: =VLOOKUP($D59,'Khung_CTĐT_CNTT_K30 (2024)'!$B$10:$L$96,'Ke hoach giảng dạy CNTT'!H$6,0) -> 0 | I59: =VLOOKUP($D59,'Khung_CTĐT_CNTT_K30 (2024)'!$B$10:$L$96,'Ke hoach giảng dạy CNTT'!I$6,0) -> 0 | J59: =VLOOKUP($D59,'Khung_CTĐT_CNTT_K30 (2024)'!$B$10:$L$96,'Ke hoach giảng dạy CNTT'!J$6,0) -> 0 | K59: =VLOOKUP($D59,'Khung_CTĐT_CNTT_K30 (2024)'!$B$10:$L$96,'Ke hoach giảng dạy CNTT'!K$6,0) -> BB | L59: =VLOOKUP($D59,'Khung_CTĐT_CNTT_K30 (2024)'!$B$10:$L$96,'Ke hoach giảng dạy CNTT'!L$6,0) -> [71ENG610063]Anh văn 6 (AV6) | M59: =VLOOKUP($D59,'Khung_CTĐT_CNTT_K30 (2024)'!$B$10:$L$96,'Ke hoach giảng dạy CNTT'!M$6,0) -> Không | N59: =SUM(F59:F61)+6+3 -> 14 | P59: =P45+N59 -> 95 | Q59: 7 | R59: =IFERROR(VLOOKUP(D59,$D$9:D58,1,0),"")
B60: 1 | C60: 3 | D60: 71LAWG10012 | E60: =VLOOKUP($D60,'Khung_CTĐT_CNTT_K30 (2024)'!$B$10:$L$96,'Ke hoach giảng dạy CNTT'!E$6,0) -> Pháp luật đại cương | F60: =VLOOKUP($D60,'Khung_CTĐT_CNTT_K30 (2024)'!$B$10:$L$96,'Ke hoach giảng dạy CNTT'!F$6,0) -> 2 | G60: =VLOOKUP($D60,'Khung_CTĐT_CNTT_K30 (2024)'!$B$10:$L$96,'Ke hoach giảng dạy CNTT'!G$6,0) -> 30 | H60: =VLOOKUP($D60,'Khung_CTĐT_CNTT_K30 (2024)'!$B$10:$L$96,'Ke hoach giảng dạy CNTT'!H$6,0) -> 0 | I60: =VLOOKUP($D60,'Khung_CTĐT_CNTT_K30 (2024)'!$B$10:$L$96,'Ke hoach giảng dạy CNTT'!I$6,0) -> 0 | J60: =VLOOKUP($D60,'Khung_CTĐT_CNTT_K30 (2024)'!$B$10:$L$96,'Ke hoach giảng dạy CNTT'!J$6,0) -> 0 | K60: =VLOOKUP($D60,'Khung_CTĐT_CNTT_K30 (2024)'!$B$10:$L$96,'Ke hoach giảng dạy CNTT'!K$6,0) -> BB | L60: =VLOOKUP($D60,'Khung_CTĐT_CNTT_K30 (2024)'!$B$10:$L$96,'Ke hoach giảng dạy CNTT'!L$6,0) -> Không | M60: =VLOOKUP($D60,'Khung_CTĐT_CNTT_K30 (2024)'!$B$10:$L$96,'Ke hoach giảng dạy CNTT'!M$6,0) -> Không | Q60: =Q59 -> 7 | R60: =IFERROR(VLOOKUP(D60,$D$9:D59,1,0),"")
B61: 1 | Q61: =Q60 -> 7 | R61: =IFERROR(VLOOKUP(D61,$D$9:D60,1,0),"")
C62: Chuyên ngành CNPM | Q62: =Q61 -> 7 | R62: =IFERROR(VLOOKUP(D62,$D$9:D61,1,0),"")
B63: 1 | C63: 3 | D63: 71ITSE41103 | E63: =VLOOKUP($D63,'Khung_CTĐT_CNTT_K30 (2024)'!$B$10:$L$96,'Ke hoach giảng dạy CNTT'!E$6,0) -> Kỹ thuật lấy yêu cầu | F63: =VLOOKUP($D63,'Khung_CTĐT_CNTT_K30 (2024)'!$B$10:$L$96,'Ke hoach giảng dạy CNTT'!F$6,0) -> 3 | G63: =VLOOKUP($D63,'Khung_CTĐT_CNTT_K30 (2024)'!$B$10:$L$96,'Ke hoach giảng dạy CNTT'!G$6,0) -> 30 | H63: =VLOOKUP($D63,'Khung_CTĐT_CNTT_K30 (2024)'!$B$10:$L$96,'Ke hoach giảng dạy CNTT'!H$6,0) -> 30 | I63: =VLOOKUP($D63,'Khung_CTĐT_CNTT_K30 (2024)'!$B$10:$L$96,'Ke hoach giảng dạy CNTT'!I$6,0) -> 0 | J63: =VLOOKUP($D63,'Khung_CTĐT_CNTT_K30 (2024)'!$B$10:$L$96,'Ke hoach giảng dạy CNTT'!J$6,0) -> 0 | K63: =VLOOKUP($D63,'Khung_CTĐT_CNTT_K30 (2024)'!$B$10:$L$96,'Ke hoach giảng dạy CNTT'!K$6,0) -> BB | L63: =VLOOKUP($D63,'Khung_CTĐT_CNTT_K30 (2024)'!$B$10:$L$96,'Ke hoach giảng dạy CNTT'!L$6,0) -> Không | M63: =VLOOKUP($D63,'Khung_CTĐT_CNTT_K30 (2024)'!$B$10:$L$96,'Ke hoach giảng dạy CNTT'!M$6,0) -> [71ITSE41003]Nhập môn công nghệ phần mềm | Q63: =Q62 -> 7 | R63: =IFERROR(VLOOKUP(D63,$D$9:D62,1,0),"")
B64: 1 | C64: 3 | D64: 71ITSE41203 | E64: =VLOOKUP($D64,'Khung_CTĐT_CNTT_K30 (2024)'!$B$10:$L$96,'Ke hoach giảng dạy CNTT'!E$6,0) -> Kiểm thử phần mềm | F64: =VLOOKUP($D64,'Khung_CTĐT_CNTT_K30 (2024)'!$B$10:$L$96,'Ke hoach giảng dạy CNTT'!F$6,0) -> 3 | G64: =VLOOKUP($D64,'Khung_CTĐT_CNTT_K30 (2024)'!$B$10:$L$96,'Ke hoach giảng dạy CNTT'!G$6,0) -> 30 | H64: =VLOOKUP($D64,'Khung_CTĐT_CNTT_K30 (2024)'!$B$10:$L$96,'Ke hoach giảng dạy CNTT'!H$6,0) -> 30 | I64: =VLOOKUP($D64,'Khung_CTĐT_CNTT_K30 (2024)'!$B$10:$L$96,'Ke hoach giảng dạy CNTT'!I$6,0) -> 0 | J64: =VLOOKUP($D64,'Khung_CTĐT_CNTT_K30 (2024)'!$B$10:$L$96,'Ke hoach giảng dạy CNTT'!J$6,0) -> 0 | K64: =VLOOKUP($D64,'Khung_CTĐT_CNTT_K30 (2024)'!$B$10:$L$96,'Ke hoach giảng dạy CNTT'!K$6,0) -> BB | L64: =VLOOKUP($D64,'Khung_CTĐT_CNTT_K30 (2024)'!$B$10:$L$96,'Ke hoach giảng dạy CNTT'!L$6,0) -> Không | M64: =VLOOKUP($D64,'Khung_CTĐT_CNTT_K30 (2024)'!$B$10:$L$96,'Ke hoach giảng dạy CNTT'!M$6,0) -> [71ITSE41003]Nhập môn công nghệ phần mềm | Q64: =Q63 -> 7 | R64: =IFERROR(VLOOKUP(D64,$D$9:D63,1,0),"")
C65: Chuyên ngành CNDL | Q65: =Q64 -> 7 | R65: =IFERROR(VLOOKUP(D65,$D$9:D64,1,0),"")
B66: 1 | C66: 3 | D66: 71ITAI40203 | E66: =VLOOKUP($D66,'Khung_CTĐT_CNTT_K30 (2024)'!$B$10:$L$96,'Ke hoach giảng dạy CNTT'!E$6,0) -> Nhập môn học máy | F66: =VLOOKUP($D66,'Khung_CTĐT_CNTT_K30 (2024)'!$B$10:$L$96,'Ke hoach giảng dạy CNTT'!F$6,0) -> 3 | G66: =VLOOKUP($D66,'Khung_CTĐT_CNTT_K30 (2024)'!$B$10:$L$96,'Ke hoach giảng dạy CNTT'!G$6,0) -> 30 | H66: =VLOOKUP($D66,'Khung_CTĐT_CNTT_K30 (2024)'!$B$10:$L$96,'Ke hoach giảng dạy CNTT'!H$6,0) -> 30 | I66: =VLOOKUP($D66,'Khung_CTĐT_CNTT_K30 (2024)'!$B$10:$L$96,'Ke hoach giảng dạy CNTT'!I$6,0) -> 0 | J66: =VLOOKUP($D66,'Khung_CTĐT_CNTT_K30 (2024)'!$B$10:$L$96,'Ke hoach giảng dạy CNTT'!J$6,0) -> 0 | K66: =VLOOKUP($D66,'Khung_CTĐT_CNTT_K30 (2024)'!$B$10:$L$96,'Ke hoach giảng dạy CNTT'!K$6,0) -> BB | L66: =VLOOKUP($D66,'Khung_CTĐT_CNTT_K30 (2024)'!$B$10:$L$96,'Ke hoach giảng dạy CNTT'!L$6,0) -> Không | M66: =VLOOKUP($D66,'Khung_CTĐT_CNTT_K30 (2024)'!$B$10:$L$96,'Ke hoach giảng dạy CNTT'!M$6,0) -> [71ITDS40203]Xác xuất thống kê ứng dụng | Q66: =Q65 -> 7 | R66: =IFERROR(VLOOKUP(D66,$D$9:D65,1,0),"")
B67: 1 | C67: 3 | D67: 71ITAI40303 | E67: =VLOOKUP($D67,'Khung_CTĐT_CNTT_K30 (2024)'!$B$10:$L$96,'Ke hoach giảng dạy CNTT'!E$6,0) -> Các hệ hỗ trợ ra quyết định | F67: =VLOOKUP($D67,'Khung_CTĐT_CNTT_K30 (2024)'!$B$10:$L$96,'Ke hoach giảng dạy CNTT'!F$6,0) -> 3 | G67: =VLOOKUP($D67,'Khung_CTĐT_CNTT_K30 (2024)'!$B$10:$L$96,'Ke hoach giảng dạy CNTT'!G$6,0) -> 30 | H67: =VLOOKUP($D67,'Khung_CTĐT_CNTT_K30 (2024)'!$B$10:$L$96,'Ke hoach giảng dạy CNTT'!H$6,0) -> 30 | I67: =VLOOKUP($D67,'Khung_CTĐT_CNTT_K30 (2024)'!$B$10:$L$96,'Ke hoach giảng dạy CNTT'!I$6,0) -> 0 | J67: =VLOOKUP($D67,'Khung_CTĐT_CNTT_K30 (2024)'!$B$10:$L$96,'Ke hoach giảng dạy CNTT'!J$6,0) -> 0 | K67: =VLOOKUP($D67,'Khung_CTĐT_CNTT_K30 (2024)'!$B$10:$L$96,'Ke hoach giảng dạy CNTT'!K$6,0) -> BB | L67: =VLOOKUP($D67,'Khung_CTĐT_CNTT_K30 (2024)'!$B$10:$L$96,'Ke hoach giảng dạy CNTT'!L$6,0) -> Không | M67: =VLOOKUP($D67,'Khung_CTĐT_CNTT_K30 (2024)'!$B$10:$L$96,'Ke hoach giảng dạy CNTT'!M$6,0) -> Không | Q67: =Q66 -> 7 | R67: =IFERROR(VLOOKUP(D67,$D$9:D66,1,0),"")
C68: Chuyên ngành Trí tuệ Nhân tạo | Q68: =Q67 -> 7 | R68: =IFERROR(VLOOKUP(D68,$D$9:D67,1,0),"")
B69: 1 | C69: 3 | D69: 71ITAI41203 | E69: =VLOOKUP($D69,'Khung_CTĐT_CNTT_K30 (2024)'!$B$10:$L$96,'Ke hoach giảng dạy CNTT'!E$6,0) -> Học máy ứng dụng | F69: =VLOOKUP($D69,'Khung_CTĐT_CNTT_K30 (2024)'!$B$10:$L$96,'Ke hoach giảng dạy CNTT'!F$6,0) -> 3 | G69: =VLOOKUP($D69,'Khung_CTĐT_CNTT_K30 (2024)'!$B$10:$L$96,'Ke hoach giảng dạy CNTT'!G$6,0) -> 30 | H69: =VLOOKUP($D69,'Khung_CTĐT_CNTT_K30 (2024)'!$B$10:$L$96,'Ke hoach giảng dạy CNTT'!H$6,0) -> 30 | I69: =VLOOKUP($D69,'Khung_CTĐT_CNTT_K30 (2024)'!$B$10:$L$96,'Ke hoach giảng dạy CNTT'!I$6,0) -> 0 | J69: =VLOOKUP($D69,'Khung_CTĐT_CNTT_K30 (2024)'!$B$10:$L$96,'Ke hoach giảng dạy CNTT'!J$6,0) -> 0 | K69: =VLOOKUP($D69,'Khung_CTĐT_CNTT_K30 (2024)'!$B$10:$L$96,'Ke hoach giảng dạy CNTT'!K$6,0) -> BB | L69: =VLOOKUP($D69,'Khung_CTĐT_CNTT_K30 (2024)'!$B$10:$L$96,'Ke hoach giảng dạy CNTT'!L$6,0) -> Không | M69: =VLOOKUP($D69,'Khung_CTĐT_CNTT_K30 (2024)'!$B$10:$L$96,'Ke hoach giảng dạy CNTT'!M$6,0) -> [71ITDS40203]Xác xuất thống kê ứng dụng | Q69: =Q68 -> 7 | R69: =IFERROR(VLOOKUP(D69,$D$9:D68,1,0),"")
B70: 1 | C70: 3 | D70: 71ITAI40503 | E70: =VLOOKUP($D70,'Khung_CTĐT_CNTT_K30 (2024)'!$B$10:$L$96,'Ke hoach giảng dạy CNTT'!E$6,0) -> Trí tuệ nhân tạo ứng dụng | F70: =VLOOKUP($D70,'Khung_CTĐT_CNTT_K30 (2024)'!$B$10:$L$96,'Ke hoach giảng dạy CNTT'!F$6,0) -> 3 | G70: =VLOOKUP($D70,'Khung_CTĐT_CNTT_K30 (2024)'!$B$10:$L$96,'Ke hoach giảng dạy CNTT'!G$6,0) -> 30 | H70: =VLOOKUP($D70,'Khung_CTĐT_CNTT_K30 (2024)'!$B$10:$L$96,'Ke hoach giảng dạy CNTT'!H$6,0) -> 30 | I70: =VLOOKUP($D70,'Khung_CTĐT_CNTT_K30 (2024)'!$B$10:$L$96,'Ke hoach giảng dạy CNTT'!I$6,0) -> 0 | J70: =VLOOKUP($D70,'Khung_CTĐT_CNTT_K30 (2024)'!$B$10:$L$96,'Ke hoach giảng dạy CNTT'!J$6,0) -> 0 | K70: =VLOOKUP($D70,'Khung_CTĐT_CNTT_K30 (2024)'!$B$10:$L$96,'Ke hoach giảng dạy CNTT'!K$6,0) -> BB | L70: =VLOOKUP($D70,'Khung_CTĐT_CNTT_K30 (2024)'!$B$10:$L$96,'Ke hoach giảng dạy CNTT'!L$6,0) -> Không | M70: =VLOOKUP($D70,'Khung_CTĐT_CNTT_K30 (2024)'!$B$10:$L$96,'Ke hoach giảng dạy CNTT'!M$6,0) -> [71ITDS40203]Xác xuất thống kê ứng dụng | Q70: =Q69 -> 7 | R70: =IFERROR(VLOOKUP(D70,$D$9:D69,1,0),"")
C71: Chọn 1 trong 3 HP tự chọn Chuyên ngành sau | Q71: =Q70 -> 7 | R71: =IFERROR(VLOOKUP(D71,$D$9:D70,1,0),"")
B72: 1 | C72: 3 | D72: 71ITSE30603 | E72: =VLOOKUP($D72,'Khung_CTĐT_CNTT_K30 (2024)'!$B$10:$L$96,'Ke hoach giảng dạy CNTT'!E$6,0) -> Lập trình ứng dụng di động | F72: =VLOOKUP($D72,'Khung_CTĐT_CNTT_K30 (2024)'!$B$10:$L$96,'Ke hoach giảng dạy CNTT'!F$6,0) -> 3 | G72: =VLOOKUP($D72,'Khung_CTĐT_CNTT_K30 (2024)'!$B$10:$L$96,'Ke hoach giảng dạy CNTT'!G$6,0) -> 30 | H72: =VLOOKUP($D72,'Khung_CTĐT_CNTT_K30 (2024)'!$B$10:$L$96,'Ke hoach giảng dạy CNTT'!H$6,0) -> 30 | I72: =VLOOKUP($D72,'Khung_CTĐT_CNTT_K30 (2024)'!$B$10:$L$96,'Ke hoach giảng dạy CNTT'!I$6,0) -> 0 | J72: =VLOOKUP($D72,'Khung_CTĐT_CNTT_K30 (2024)'!$B$10:$L$96,'Ke hoach giảng dạy CNTT'!J$6,0) -> 0 | K72: =VLOOKUP($D72,'Khung_CTĐT_CNTT_K30 (2024)'!$B$10:$L$96,'Ke hoach giảng dạy CNTT'!K$6,0) -> TC309 | L72: =VLOOKUP($D72,'Khung_CTĐT_CNTT_K30 (2024)'!$B$10:$L$96,'Ke hoach giảng dạy CNTT'!L$6,0) -> Không | M72: =VLOOKUP($D72,'Khung_CTĐT_CNTT_K30 (2024)'!$B$10:$L$96,'Ke hoach giảng dạy CNTT'!M$6,0) -> [71ITBS10203]Cơ sở lập trình | Q72: =Q71 -> 7 | R72: =IFERROR(VLOOKUP(D72,$D$9:D71,1,0),"")
B73: 1 | C73: 3 | D73: 71ITAI51403 | E73: =VLOOKUP($D73,'Khung_CTĐT_CNTT_K30 (2024)'!$B$10:$L$96,'Ke hoach giảng dạy CNTT'!E$6,0) -> Nhập môn tối ưu hóa | F73: =VLOOKUP($D73,'Khung_CTĐT_CNTT_K30 (2024)'!$B$10:$L$96,'Ke hoach giảng dạy CNTT'!F$6,0) -> 3 | G73: =VLOOKUP($D73,'Khung_CTĐT_CNTT_K30 (2024)'!$B$10:$L$96,'Ke hoach giảng dạy CNTT'!G$6,0) -> 30 | H73: =VLOOKUP($D73,'Khung_CTĐT_CNTT_K30 (2024)'!$B$10:$L$96,'Ke hoach giảng dạy CNTT'!H$6,0) -> 30 | I73: =VLOOKUP($D73,'Khung_CTĐT_CNTT_K30 (2024)'!$B$10:$L$96,'Ke hoach giảng dạy CNTT'!I$6,0) -> 0 | J73: =VLOOKUP($D73,'Khung_CTĐT_CNTT_K30 (2024)'!$B$10:$L$96,'Ke hoach giảng dạy CNTT'!J$6,0) -> 0 | K73: =VLOOKUP($D73,'Khung_CTĐT_CNTT_K30 (2024)'!$B$10:$L$96,'Ke hoach giảng dạy CNTT'!K$6,0) -> TC309 | L73: =VLOOKUP($D73,'Khung_CTĐT_CNTT_K30 (2024)'!$B$10:$L$96,'Ke hoach giảng dạy CNTT'!L$6,0) -> Không | M73: =VLOOKUP($D73,'Khung_CTĐT_CNTT_K30 (2024)'!$B$10:$L$96,'Ke hoach giảng dạy CNTT'!M$6,0) -> Không | Q73: =Q72 -> 7 | R73: =IFERROR(VLOOKUP(D73,$D$9:D72,1,0),"")
B74: 1 | C74: 3 | D74: 71ITNW30403 | E74: =VLOOKUP($D74,'Khung_CTĐT_CNTT_K30 (2024)'!$B$10:$L$96,'Ke hoach giảng dạy CNTT'!E$6,0) -> Lập trình Hệ thống nhúng và Mạng kết nối vạn vật | F74: =VLOOKUP($D74,'Khung_CTĐT_CNTT_K30 (2024)'!$B$10:$L$96,'Ke hoach giảng dạy CNTT'!F$6,0) -> 3 | G74: =VLOOKUP($D74,'Khung_CTĐT_CNTT_K30 (2024)'!$B$10:$L$96,'Ke hoach giảng dạy CNTT'!G$6,0) -> 30 | H74: =VLOOKUP($D74,'Khung_CTĐT_CNTT_K30 (2024)'!$B$10:$L$96,'Ke hoach giảng dạy CNTT'!H$6,0) -> 30 | I74: =VLOOKUP($D74,'Khung_CTĐT_CNTT_K30 (2024)'!$B$10:$L$96,'Ke hoach giảng dạy CNTT'!I$6,0) -> 0 | J74: =VLOOKUP($D74,'Khung_CTĐT_CNTT_K30 (2024)'!$B$10:$L$96,'Ke hoach giảng dạy CNTT'!J$6,0) -> 0 | K74: =VLOOKUP($D74,'Khung_CTĐT_CNTT_K30 (2024)'!$B$10:$L$96,'Ke hoach giảng dạy CNTT'!K$6,0) -> TC309 | L74: =VLOOKUP($D74,'Khung_CTĐT_CNTT_K30 (2024)'!$B$10:$L$96,'Ke hoach giảng dạy CNTT'!L$6,0) -> Không | M74: =VLOOKUP($D74,'Khung_CTĐT_CNTT_K30 (2024)'!$B$10:$L$96,'Ke hoach giảng dạy CNTT'!M$6,0) -> Không | Q74: =Q73 -> 7 | R74: =IFERROR(VLOOKUP(D74,$D$9:D73,1,0),"")
B75: 1 | Q75: =Q74 -> 7 | R75: =IFERROR(VLOOKUP(D75,$D$9:D74,1,0),"")
A76: HK262 8 | N76: =9+6 -> 15 | P76: =P59+N76 -> 110 | Q76: 8 | R76: =IFERROR(VLOOKUP(D76,$D$9:D75,1,0),"")
C77: Chuyên ngành CNPM | Q77: =Q76 -> 8 | R77: =IFERROR(VLOOKUP(D77,$D$9:D76,1,0),"")
B78: 2 | C78: 3 | D78: 71ITSE41403 | E78: =VLOOKUP($D78,'Khung_CTĐT_CNTT_K30 (2024)'!$B$10:$L$96,'Ke hoach giảng dạy CNTT'!E$6,0) -> Lập trình Web nâng cao | F78: =VLOOKUP($D78,'Khung_CTĐT_CNTT_K30 (2024)'!$B$10:$L$96,'Ke hoach giảng dạy CNTT'!F$6,0) -> 3 | G78: =VLOOKUP($D78,'Khung_CTĐT_CNTT_K30 (2024)'!$B$10:$L$96,'Ke hoach giảng dạy CNTT'!G$6,0) -> 30 | H78: =VLOOKUP($D78,'Khung_CTĐT_CNTT_K30 (2024)'!$B$10:$L$96,'Ke hoach giảng dạy CNTT'!H$6,0) -> 30 | I78: =VLOOKUP($D78,'Khung_CTĐT_CNTT_K30 (2024)'!$B$10:$L$96,'Ke hoach giảng dạy CNTT'!I$6,0) -> 0 | J78: =VLOOKUP($D78,'Khung_CTĐT_CNTT_K30 (2024)'!$B$10:$L$96,'Ke hoach giảng dạy CNTT'!J$6,0) -> 0 | K78: =VLOOKUP($D78,'Khung_CTĐT_CNTT_K30 (2024)'!$B$10:$L$96,'Ke hoach giảng dạy CNTT'!K$6,0) -> BB | L78: =VLOOKUP($D78,'Khung_CTĐT_CNTT_K30 (2024)'!$B$10:$L$96,'Ke hoach giảng dạy CNTT'!L$6,0) -> Không | M78: =VLOOKUP($D78,'Khung_CTĐT_CNTT_K30 (2024)'!$B$10:$L$96,'Ke hoach giảng dạy CNTT'!M$6,0) -> [71ITSE30503]Lập trình ứng dụng web | Q78: =Q77 -> 8 | R78: =IFERROR(VLOOKUP(D78,$D$9:D77,1,0),"")
B79: 2 | C79: 3 | D79: 71ITSE41303 | E79: =VLOOKUP($D79,'Khung_CTĐT_CNTT_K30 (2024)'!$B$10:$L$96,'Ke hoach giảng dạy CNTT'!E$6,0) -> Phân tích và thiết kế hệ thống theo Hướng đối tượng | F79: =VLOOKUP($D79,'Khung_CTĐT_CNTT_K30 (2024)'!$B$10:$L$96,'Ke hoach giảng dạy CNTT'!F$6,0) -> 3 | G79: =VLOOKUP($D79,'Khung_CTĐT_CNTT_K30 (2024)'!$B$10:$L$96,'Ke hoach giảng dạy CNTT'!G$6,0) -> 30 | H79: =VLOOKUP($D79,'Khung_CTĐT_CNTT_K30 (2024)'!$B$10:$L$96,'Ke hoach giảng dạy CNTT'!H$6,0) -> 30 | I79: =VLOOKUP($D79,'Khung_CTĐT_CNTT_K30 (2024)'!$B$10:$L$96,'Ke hoach giảng dạy CNTT'!I$6,0) -> 0 | J79: =VLOOKUP($D79,'Khung_CTĐT_CNTT_K30 (2024)'!$B$10:$L$96,'Ke hoach giảng dạy CNTT'!J$6,0) -> 0 | K79: =VLOOKUP($D79,'Khung_CTĐT_CNTT_K30 (2024)'!$B$10:$L$96,'Ke hoach giảng dạy CNTT'!K$6,0) -> BB | L79: =VLOOKUP($D79,'Khung_CTĐT_CNTT_K30 (2024)'!$B$10:$L$96,'Ke hoach giảng dạy CNTT'!L$6,0) -> Không | M79: =VLOOKUP($D79,'Khung_CTĐT_CNTT_K30 (2024)'!$B$10:$L$96,'Ke hoach giảng dạy CNTT'!M$6,0) -> [71ITSE41103]Kỹ thuật lấy yêu cầu | Q79: =Q78 -> 8 | R79: =IFERROR(VLOOKUP(D79,$D$9:D78,1,0),"")
B80: 2 | C80: 3 | D80: 71ITSE41503 | E80: =VLOOKUP($D80,'Khung_CTĐT_CNTT_K30 (2024)'!$B$10:$L$96,'Ke hoach giảng dạy CNTT'!E$6,0) -> Quản lý dự án phần mềm | F80: =VLOOKUP($D80,'Khung_CTĐT_CNTT_K30 (2024)'!$B$10:$L$96,'Ke hoach giảng dạy CNTT'!F$6,0) -> 3 | G80: =VLOOKUP($D80,'Khung_CTĐT_CNTT_K30 (2024)'!$B$10:$L$96,'Ke hoach giảng dạy CNTT'!G$6,0) -> 30 | H80: =VLOOKUP($D80,'Khung_CTĐT_CNTT_K30 (2024)'!$B$10:$L$96,'Ke hoach giảng dạy CNTT'!H$6,0) -> 30 | I80: =VLOOKUP($D80,'Khung_CTĐT_CNTT_K30 (2024)'!$B$10:$L$96,'Ke hoach giảng dạy CNTT'!I$6,0) -> 0 | J80: =VLOOKUP($D80,'Khung_CTĐT_CNTT_K30 (2024)'!$B$10:$L$96,'Ke hoach giảng dạy CNTT'!J$6,0) -> 0 | K80: =VLOOKUP($D80,'Khung_CTĐT_CNTT_K30 (2024)'!$B$10:$L$96,'Ke hoach giảng dạy CNTT'!K$6,0) -> BB | L80: =VLOOKUP($D80,'Khung_CTĐT_CNTT_K30 (2024)'!$B$10:$L$96,'Ke hoach giảng dạy CNTT'!L$6,0) -> Không | M80: =VLOOKUP($D80,'Khung_CTĐT_CNTT_K30 (2024)'!$B$10:$L$96,'Ke hoach giảng dạy CNTT'!M$6,0) -> [71ITSE41103]Kỹ thuật lấy yêu cầu | Q80: =Q79 -> 8 | R80: =IFERROR(VLOOKUP(D80,$D$9:D79,1,0),"")
C81: Chuyên ngành CNDL | Q81: =Q80 -> 8 | R81: =IFERROR(VLOOKUP(D81,$D$9:D80,1,0),"")
B82: 2 | C82: 3 | D82: 71ITDS40403 | E82: =VLOOKUP($D82,'Khung_CTĐT_CNTT_K30 (2024)'!$B$10:$L$96,'Ke hoach giảng dạy CNTT'!E$6,0) -> Số hóa và quản trị thông tin số | F82: =VLOOKUP($D82,'Khung_CTĐT_CNTT_K30 (2024)'!$B$10:$L$96,'Ke hoach giảng dạy CNTT'!F$6,0) -> 3 | G82: =VLOOKUP($D82,'Khung_CTĐT_CNTT_K30 (2024)'!$B$10:$L$96,'Ke hoach giảng dạy CNTT'!G$6,0) -> 30 | H82: =VLOOKUP($D82,'Khung_CTĐT_CNTT_K30 (2024)'!$B$10:$L$96,'Ke hoach giảng dạy CNTT'!H$6,0) -> 30 | I82: =VLOOKUP($D82,'Khung_CTĐT_CNTT_K30 (2024)'!$B$10:$L$96,'Ke hoach giảng dạy CNTT'!I$6,0) -> 0 | J82: =VLOOKUP($D82,'Khung_CTĐT_CNTT_K30 (2024)'!$B$10:$L$96,'Ke hoach giảng dạy CNTT'!J$6,0) -> 0 | K82: =VLOOKUP($D82,'Khung_CTĐT_CNTT_K30 (2024)'!$B$10:$L$96,'Ke hoach giảng dạy CNTT'!K$6,0) -> BB | L82: =VLOOKUP($D82,'Khung_CTĐT_CNTT_K30 (2024)'!$B$10:$L$96,'Ke hoach giảng dạy CNTT'!L$6,0) -> Không | M82: =VLOOKUP($D82,'Khung_CTĐT_CNTT_K30 (2024)'!$B$10:$L$96,'Ke hoach giảng dạy CNTT'!M$6,0) -> Không | Q82: =Q81 -> 8 | R82: =IFERROR(VLOOKUP(D82,$D$9:D81,1,0),"")
B83: 2 | C83: 3 | D83: 71ITAI40903 | E83: =VLOOKUP($D83,'Khung_CTĐT_CNTT_K30 (2024)'!$B$10:$L$96,'Ke hoach giảng dạy CNTT'!E$6,0) -> Lập trình tính toán song song | F83: =VLOOKUP($D83,'Khung_CTĐT_CNTT_K30 (2024)'!$B$10:$L$96,'Ke hoach giảng dạy CNTT'!F$6,0) -> 3 | G83: =VLOOKUP($D83,'Khung_CTĐT_CNTT_K30 (2024)'!$B$10:$L$96,'Ke hoach giảng dạy CNTT'!G$6,0) -> 30 | H83: =VLOOKUP($D83,'Khung_CTĐT_CNTT_K30 (2024)'!$B$10:$L$96,'Ke hoach giảng dạy CNTT'!H$6,0) -> 30 | I83: =VLOOKUP($D83,'Khung_CTĐT_CNTT_K30 (2024)'!$B$10:$L$96,'Ke hoach giảng dạy CNTT'!I$6,0) -> 0 | J83: =VLOOKUP($D83,'Khung_CTĐT_CNTT_K30 (2024)'!$B$10:$L$96,'Ke hoach giảng dạy CNTT'!J$6,0) -> 0 | K83: =VLOOKUP($D83,'Khung_CTĐT_CNTT_K30 (2024)'!$B$10:$L$96,'Ke hoach giảng dạy CNTT'!K$6,0) -> BB | L83: =VLOOKUP($D83,'Khung_CTĐT_CNTT_K30 (2024)'!$B$10:$L$96,'Ke hoach giảng dạy CNTT'!L$6,0) -> Không | M83: =VLOOKUP($D83,'Khung_CTĐT_CNTT_K30 (2024)'!$B$10:$L$96,'Ke hoach giảng dạy CNTT'!M$6,0) -> [71ITSE30303]Cấu trúc dữ liệu và giải thuật | Q83: =Q82 -> 8 | R83: =IFERROR(VLOOKUP(D83,$D$9:D82,1,0),"")
B84: 2 | C84: 3 | D84: 71ITDS40503 | E84: =VLOOKUP($D84,'Khung_CTĐT_CNTT_K30 (2024)'!$B$10:$L$96,'Ke hoach giảng dạy CNTT'!E$6,0) -> Mã hóa dữ liệu và chuỗi khối (Block chain) | F84: =VLOOKUP($D84,'Khung_CTĐT_CNTT_K30 (2024)'!$B$10:$L$96,'Ke hoach giảng dạy CNTT'!F$6,0) -> 3 | G84: =VLOOKUP($D84,'Khung_CTĐT_CNTT_K30 (2024)'!$B$10:$L$96,'Ke hoach giảng dạy CNTT'!G$6,0) -> 30 | H84: =VLOOKUP($D84,'Khung_CTĐT_CNTT_K30 (2024)'!$B$10:$L$96,'Ke hoach giảng dạy CNTT'!H$6,0) -> 30 | I84: =VLOOKUP($D84,'Khung_CTĐT_CNTT_K30 (2024)'!$B$10:$L$96,'Ke hoach giảng dạy CNTT'!I$6,0) -> 0 | J84: =VLOOKUP($D84,'Khung_CTĐT_CNTT_K30 (2024)'!$B$10:$L$96,'Ke hoach giảng dạy CNTT'!J$6,0) -> 0 | K84: =VLOOKUP($D84,'Khung_CTĐT_CNTT_K30 (2024)'!$B$10:$L$96,'Ke hoach giảng dạy CNTT'!K$6,0) -> BB | L84: =VLOOKUP($D84,'Khung_CTĐT_CNTT_K30 (2024)'!$B$10:$L$96,'Ke hoach giảng dạy CNTT'!L$6,0) -> Không | M84: =VLOOKUP($D84,'Khung_CTĐT_CNTT_K30 (2024)'!$B$10:$L$96,'Ke hoach giảng dạy CNTT'!M$6,0) -> [71ITIS30103]Cơ sở dữ liệu | Q84: =Q83 -> 8 | R84: =IFERROR(VLOOKUP(D84,$D$9:D83,1,0),"")
C85: Chuyên ngành Trí tuệ Nhân tạo | Q85: =Q84 -> 8 | R85: =IFERROR(VLOOKUP(D85,$D$9:D84,1,0),"")
B86: 2 | C86: 3 | D86: 71ITAI40603 | E86: =VLOOKUP($D86,'Khung_CTĐT_CNTT_K30 (2024)'!$B$10:$L$96,'Ke hoach giảng dạy CNTT'!E$6,0) -> Thị giác máy tính | F86: =VLOOKUP($D86,'Khung_CTĐT_CNTT_K30 (2024)'!$B$10:$L$96,'Ke hoach giảng dạy CNTT'!F$6,0) -> 3 | G86: =VLOOKUP($D86,'Khung_CTĐT_CNTT_K30 (2024)'!$B$10:$L$96,'Ke hoach giảng dạy CNTT'!G$6,0) -> 30 | H86: =VLOOKUP($D86,'Khung_CTĐT_CNTT_K30 (2024)'!$B$10:$L$96,'Ke hoach giảng dạy CNTT'!H$6,0) -> 30 | I86: =VLOOKUP($D86,'Khung_CTĐT_CNTT_K30 (2024)'!$B$10:$L$96,'Ke hoach giảng dạy CNTT'!I$6,0) -> 0 | J86: =VLOOKUP($D86,'Khung_CTĐT_CNTT_K30 (2024)'!$B$10:$L$96,'Ke hoach giảng dạy CNTT'!J$6,0) -> 0 | K86: =VLOOKUP($D86,'Khung_CTĐT_CNTT_K30 (2024)'!$B$10:$L$96,'Ke hoach giảng dạy CNTT'!K$6,0) -> BB | L86: =VLOOKUP($D86,'Khung_CTĐT_CNTT_K30 (2024)'!$B$10:$L$96,'Ke hoach giảng dạy CNTT'!L$6,0) -> Không | M86: =VLOOKUP($D86,'Khung_CTĐT_CNTT_K30 (2024)'!$B$10:$L$96,'Ke hoach giảng dạy CNTT'!M$6,0) -> [71ITAI41203]Học máy và ứng dụng | Q86: =Q85 -> 8 | R86: =IFERROR(VLOOKUP(D86,$D$9:D85,1,0),"")
B87: 2 | C87: 3 | D87: 71ITAI40403 | E87: =VLOOKUP($D87,'Khung_CTĐT_CNTT_K30 (2024)'!$B$10:$L$96,'Ke hoach giảng dạy CNTT'!E$6,0) -> Giới thiệu về học sâu | F87: =VLOOKUP($D87,'Khung_CTĐT_CNTT_K30 (2024)'!$B$10:$L$96,'Ke hoach giảng dạy CNTT'!F$6,0) -> 3 | G87: =VLOOKUP($D87,'Khung_CTĐT_CNTT_K30 (2024)'!$B$10:$L$96,'Ke hoach giảng dạy CNTT'!G$6,0) -> 30 | H87: =VLOOKUP($D87,'Khung_CTĐT_CNTT_K30 (2024)'!$B$10:$L$96,'Ke hoach giảng dạy CNTT'!H$6,0) -> 30 | I87: =VLOOKUP($D87,'Khung_CTĐT_CNTT_K30 (2024)'!$B$10:$L$96,'Ke hoach giảng dạy CNTT'!I$6,0) -> 0 | J87: =VLOOKUP($D87,'Khung_CTĐT_CNTT_K30 (2024)'!$B$10:$L$96,'Ke hoach giảng dạy CNTT'!J$6,0) -> 0 | K87: =VLOOKUP($D87,'Khung_CTĐT_CNTT_K30 (2024)'!$B$10:$L$96,'Ke hoach giảng dạy CNTT'!K$6,0) -> BB | L87: =VLOOKUP($D87,'Khung_CTĐT_CNTT_K30 (2024)'!$B$10:$L$96,'Ke hoach giảng dạy CNTT'!L$6,0) -> Không | M87: =VLOOKUP($D87,'Khung_CTĐT_CNTT_K30 (2024)'!$B$10:$L$96,'Ke hoach giảng dạy CNTT'!M$6,0) -> [71ITAI40503]Trí tuệ nhân tạo ứng dụng | Q87: =Q86 -> 8 | R87: =IFERROR(VLOOKUP(D87,$D$9:D86,1,0),"")
B88: 2 | C88: 3 | D88: 71ITAI41303 | E88: =VLOOKUP($D88,'Khung_CTĐT_CNTT_K30 (2024)'!$B$10:$L$96,'Ke hoach giảng dạy CNTT'!E$6,0) -> Các công cụ và nền tảng cho trí tuệ nhân tạo | F88: =VLOOKUP($D88,'Khung_CTĐT_CNTT_K30 (2024)'!$B$10:$L$96,'Ke hoach giảng dạy CNTT'!F$6,0) -> 3 | G88: =VLOOKUP($D88,'Khung_CTĐT_CNTT_K30 (2024)'!$B$10:$L$96,'Ke hoach giảng dạy CNTT'!G$6,0) -> 30 | H88: =VLOOKUP($D88,'Khung_CTĐT_CNTT_K30 (2024)'!$B$10:$L$96,'Ke hoach giảng dạy CNTT'!H$6,0) -> 30 | I88: =VLOOKUP($D88,'Khung_CTĐT_CNTT_K30 (2024)'!$B$10:$L$96,'Ke hoach giảng dạy CNTT'!I$6,0) -> 0 | J88: =VLOOKUP($D88,'Khung_CTĐT_CNTT_K30 (2024)'!$B$10:$L$96,'Ke hoach giảng dạy CNTT'!J$6,0) -> 0 | K88: =VLOOKUP($D88,'Khung_CTĐT_CNTT_K30 (2024)'!$B$10:$L$96,'Ke hoach giảng dạy CNTT'!K$6,0) -> BB | L88: =VLOOKUP($D88,'Khung_CTĐT_CNTT_K30 (2024)'!$B$10:$L$96,'Ke hoach giảng dạy CNTT'!L$6,0) -> Không | M88: =VLOOKUP($D88,'Khung_CTĐT_CNTT_K30 (2024)'!$B$10:$L$96,'Ke hoach giảng dạy CNTT'!M$6,0) -> Không | Q88: =Q87 -> 8 | R88: =IFERROR(VLOOKUP(D88,$D$9:D87,1,0),"")
C89: Chọn 2 trong 4 HP tự chọn Chuyên ngành sau | Q89: =Q88 -> 8 | R89: =IFERROR(VLOOKUP(D89,$D$9:D88,1,0),"")
B90: 2 | C90: 3 | D90: 71ITSE30703 | E90: =VLOOKUP($D90,'Khung_CTĐT_CNTT_K30 (2024)'!$B$10:$L$96,'Ke hoach giảng dạy CNTT'!E$6,0) -> Lập trình di động nâng cao | F90: =VLOOKUP($D90,'Khung_CTĐT_CNTT_K30 (2024)'!$B$10:$L$96,'Ke hoach giảng dạy CNTT'!F$6,0) -> 3 | G90: =VLOOKUP($D90,'Khung_CTĐT_CNTT_K30 (2024)'!$B$10:$L$96,'Ke hoach giảng dạy CNTT'!G$6,0) -> 30 | H90: =VLOOKUP($D90,'Khung_CTĐT_CNTT_K30 (2024)'!$B$10:$L$96,'Ke hoach giảng dạy CNTT'!H$6,0) -> 30 | I90: =VLOOKUP($D90,'Khung_CTĐT_CNTT_K30 (2024)'!$B$10:$L$96,'Ke hoach giảng dạy CNTT'!I$6,0) -> 0 | J90: =VLOOKUP($D90,'Khung_CTĐT_CNTT_K30 (2024)'!$B$10:$L$96,'Ke hoach giảng dạy CNTT'!J$6,0) -> 0 | K90: =VLOOKUP($D90,'Khung_CTĐT_CNTT_K30 (2024)'!$B$10:$L$96,'Ke hoach giảng dạy CNTT'!K$6,0) -> TC309 | L90: =VLOOKUP($D90,'Khung_CTĐT_CNTT_K30 (2024)'!$B$10:$L$96,'Ke hoach giảng dạy CNTT'!L$6,0) -> Không | M90: =VLOOKUP($D90,'Khung_CTĐT_CNTT_K30 (2024)'!$B$10:$L$96,'Ke hoach giảng dạy CNTT'!M$6,0) -> [71ITSE30603]Lập trình ứng dụng di động | Q90: =Q89 -> 8 | R90: =IFERROR(VLOOKUP(D90,$D$9:D89,1,0),"")
B91: 2 | C91: 3 | D91: 71ITSE31003 | E91: =VLOOKUP($D91,'Khung_CTĐT_CNTT_K30 (2024)'!$B$10:$L$96,'Ke hoach giảng dạy CNTT'!E$6,0) -> Lập trình Python nâng cao | F91: =VLOOKUP($D91,'Khung_CTĐT_CNTT_K30 (2024)'!$B$10:$L$96,'Ke hoach giảng dạy CNTT'!F$6,0) -> 3 | G91: =VLOOKUP($D91,'Khung_CTĐT_CNTT_K30 (2024)'!$B$10:$L$96,'Ke hoach giảng dạy CNTT'!G$6,0) -> 30 | H91: =VLOOKUP($D91,'Khung_CTĐT_CNTT_K30 (2024)'!$B$10:$L$96,'Ke hoach giảng dạy CNTT'!H$6,0) -> 30 | I91: =VLOOKUP($D91,'Khung_CTĐT_CNTT_K30 (2024)'!$B$10:$L$96,'Ke hoach giảng dạy CNTT'!I$6,0) -> 0 | J91: =VLOOKUP($D91,'Khung_CTĐT_CNTT_K30 (2024)'!$B$10:$L$96,'Ke hoach giảng dạy CNTT'!J$6,0) -> 0 | K91: =VLOOKUP($D91,'Khung_CTĐT_CNTT_K30 (2024)'!$B$10:$L$96,'Ke hoach giảng dạy CNTT'!K$6,0) -> TC309 | L91: =VLOOKUP($D91,'Khung_CTĐT_CNTT_K30 (2024)'!$B$10:$L$96,'Ke hoach giảng dạy CNTT'!L$6,0) -> Không | M91: =VLOOKUP($D91,'Khung_CTĐT_CNTT_K30 (2024)'!$B$10:$L$96,'Ke hoach giảng dạy CNTT'!M$6,0) -> Không | Q91: =Q90 -> 8 | R91: =IFERROR(VLOOKUP(D91,$D$9:D90,1,0),"")
B92: 2 | C92: 3 | D92: 71ITSE30803 | E92: =VLOOKUP($D92,'Khung_CTĐT_CNTT_K30 (2024)'!$B$10:$L$96,'Ke hoach giảng dạy CNTT'!E$6,0) -> Lập trình Java nâng cao | F92: =VLOOKUP($D92,'Khung_CTĐT_CNTT_K30 (2024)'!$B$10:$L$96,'Ke hoach giảng dạy CNTT'!F$6,0) -> 3 | G92: =VLOOKUP($D92,'Khung_CTĐT_CNTT_K30 (2024)'!$B$10:$L$96,'Ke hoach giảng dạy CNTT'!G$6,0) -> 30 | H92: =VLOOKUP($D92,'Khung_CTĐT_CNTT_K30 (2024)'!$B$10:$L$96,'Ke hoach giảng dạy CNTT'!H$6,0) -> 30 | I92: =VLOOKUP($D92,'Khung_CTĐT_CNTT_K30 (2024)'!$B$10:$L$96,'Ke hoach giảng dạy CNTT'!I$6,0) -> 0 | J92: =VLOOKUP($D92,'Khung_CTĐT_CNTT_K30 (2024)'!$B$10:$L$96,'Ke hoach giảng dạy CNTT'!J$6,0) -> 0 | K92: =VLOOKUP($D92,'Khung_CTĐT_CNTT_K30 (2024)'!$B$10:$L$96,'Ke hoach giảng dạy CNTT'!K$6,0) -> TC309 | L92: =VLOOKUP($D92,'Khung_CTĐT_CNTT_K30 (2024)'!$B$10:$L$96,'Ke hoach giảng dạy CNTT'!L$6,0) -> Không | M92: =VLOOKUP($D92,'Khung_CTĐT_CNTT_K30 (2024)'!$B$10:$L$96,'Ke hoach giảng dạy CNTT'!M$6,0) -> [71ITSE30403]Lập trình ứng dụng Java | Q92: =Q91 -> 8 | R92: =IFERROR(VLOOKUP(D92,$D$9:D91,1,0),"")
B93: 2 | C93: 3 | D93: 71ITSE41603 | E93: =VLOOKUP($D93,'Khung_CTĐT_CNTT_K30 (2024)'!$B$10:$L$96,'Ke hoach giảng dạy CNTT'!E$6,0) -> Kiểm thử tự động | F93: =VLOOKUP($D93,'Khung_CTĐT_CNTT_K30 (2024)'!$B$10:$L$96,'Ke hoach giảng dạy CNTT'!F$6,0) -> 3 | G93: =VLOOKUP($D93,'Khung_CTĐT_CNTT_K30 (2024)'!$B$10:$L$96,'Ke hoach giảng dạy CNTT'!G$6,0) -> 30 | H93: =VLOOKUP($D93,'Khung_CTĐT_CNTT_K30 (2024)'!$B$10:$L$96,'Ke hoach giảng dạy CNTT'!H$6,0) -> 30 | I93: =VLOOKUP($D93,'Khung_CTĐT_CNTT_K30 (2024)'!$B$10:$L$96,'Ke hoach giảng dạy CNTT'!I$6,0) -> 0 | J93: =VLOOKUP($D93,'Khung_CTĐT_CNTT_K30 (2024)'!$B$10:$L$96,'Ke hoach giảng dạy CNTT'!J$6,0) -> 0 | K93: =VLOOKUP($D93,'Khung_CTĐT_CNTT_K30 (2024)'!$B$10:$L$96,'Ke hoach giảng dạy CNTT'!K$6,0) -> TC309 | L93: =VLOOKUP($D93,'Khung_CTĐT_CNTT_K30 (2024)'!$B$10:$L$96,'Ke hoach giảng dạy CNTT'!L$6,0) -> Không | M93: =VLOOKUP($D93,'Khung_CTĐT_CNTT_K30 (2024)'!$B$10:$L$96,'Ke hoach giảng dạy CNTT'!M$6,0) -> [71ITSE41203]Kiểm thử phần mềm | Q93: =Q92 -> 8 | R93: =IFERROR(VLOOKUP(D93,$D$9:D92,1,0),"")
A94: HK263 9 | B94: 3 | C94: 3 | D94: 71POLC10052 | E94: =VLOOKUP($D94,'Khung_CTĐT_CNTT_K30 (2024)'!$B$10:$L$96,'Ke hoach giảng dạy CNTT'!E$6,0) -> Lịch sử Đảng Cộng sản Việt Nam | F94: =VLOOKUP($D94,'Khung_CTĐT_CNTT_K30 (2024)'!$B$10:$L$96,'Ke hoach giảng dạy CNTT'!F$6,0) -> 2 | G94: =VLOOKUP($D94,'Khung_CTĐT_CNTT_K30 (2024)'!$B$10:$L$96,'Ke hoach giảng dạy CNTT'!G$6,0) -> 30 | H94: =VLOOKUP($D94,'Khung_CTĐT_CNTT_K30 (2024)'!$B$10:$L$96,'Ke hoach giảng dạy CNTT'!H$6,0) -> 0 | I94: =VLOOKUP($D94,'Khung_CTĐT_CNTT_K30 (2024)'!$B$10:$L$96,'Ke hoach giảng dạy CNTT'!I$6,0) -> 0 | J94: =VLOOKUP($D94,'Khung_CTĐT_CNTT_K30 (2024)'!$B$10:$L$96,'Ke hoach giảng dạy CNTT'!J$6,0) -> 0 | K94: =VLOOKUP($D94,'Khung_CTĐT_CNTT_K30 (2024)'!$B$10:$L$96,'Ke hoach giảng dạy CNTT'!K$6,0) -> BB | L94: =VLOOKUP($D94,'Khung_CTĐT_CNTT_K30 (2024)'!$B$10:$L$96,'Ke hoach giảng dạy CNTT'!L$6,0) -> Không | M94: =VLOOKUP($D94,'Khung_CTĐT_CNTT_K30 (2024)'!$B$10:$L$96,'Ke hoach giảng dạy CNTT'!M$6,0) -> [71POLE10022]Kinh tế chính trị Mác-Lênin, [71POLS10032]Chủ nghĩa xã hội khoa học | N94: =SUM(F94:F97) -> 10 | P94: =P76+N94 -> 120 | Q94: 9 | R94: =IFERROR(VLOOKUP(D94,$D$9:D93,1,0),"")
B95: 3 | C95: 3 | D95: 71POLH10042 | E95: =VLOOKUP($D95,'Khung_CTĐT_CNTT_K30 (2024)'!$B$10:$L$96,'Ke hoach giảng dạy CNTT'!E$6,0) -> Tư tưởng Hồ Chí Minh | F95: =VLOOKUP($D95,'Khung_CTĐT_CNTT_K30 (2024)'!$B$10:$L$96,'Ke hoach giảng dạy CNTT'!F$6,0) -> 2 | G95: =VLOOKUP($D95,'Khung_CTĐT_CNTT_K30 (2024)'!$B$10:$L$96,'Ke hoach giảng dạy CNTT'!G$6,0) -> 30 | H95: =VLOOKUP($D95,'Khung_CTĐT_CNTT_K30 (2024)'!$B$10:$L$96,'Ke hoach giảng dạy CNTT'!H$6,0) -> 0 | I95: =VLOOKUP($D95,'Khung_CTĐT_CNTT_K30 (2024)'!$B$10:$L$96,'Ke hoach giảng dạy CNTT'!I$6,0) -> 0 | J95: =VLOOKUP($D95,'Khung_CTĐT_CNTT_K30 (2024)'!$B$10:$L$96,'Ke hoach giảng dạy CNTT'!J$6,0) -> 0 | K95: =VLOOKUP($D95,'Khung_CTĐT_CNTT_K30 (2024)'!$B$10:$L$96,'Ke hoach giảng dạy CNTT'!K$6,0) -> BB | L95: =VLOOKUP($D95,'Khung_CTĐT_CNTT_K30 (2024)'!$B$10:$L$96,'Ke hoach giảng dạy CNTT'!L$6,0) -> Không | M95: =VLOOKUP($D95,'Khung_CTĐT_CNTT_K30 (2024)'!$B$10:$L$96,'Ke hoach giảng dạy CNTT'!M$6,0) -> [71POLE10022]Kinh tế chính trị Mác-Lênin, [71POLS10032]Chủ nghĩa xã hội khoa học | Q95: 9 | R95: =IFERROR(VLOOKUP(D95,$D$9:D93,1,0),"")
B96: 3 | C96: 3 | D96: 71ENVH10012 | E96: =VLOOKUP($D96,'Khung_CTĐT_CNTT_K30 (2024)'!$B$10:$L$96,'Ke hoach giảng dạy CNTT'!E$6,0) -> Môi trường và con người | F96: =VLOOKUP($D96,'Khung_CTĐT_CNTT_K30 (2024)'!$B$10:$L$96,'Ke hoach giảng dạy CNTT'!F$6,0) -> 2 | G96: =VLOOKUP($D96,'Khung_CTĐT_CNTT_K30 (2024)'!$B$10:$L$96,'Ke hoach giảng dạy CNTT'!G$6,0) -> 30 | H96: =VLOOKUP($D96,'Khung_CTĐT_CNTT_K30 (2024)'!$B$10:$L$96,'Ke hoach giảng dạy CNTT'!H$6,0) -> 0 | I96: =VLOOKUP($D96,'Khung_CTĐT_CNTT_K30 (2024)'!$B$10:$L$96,'Ke hoach giảng dạy CNTT'!I$6,0) -> 0 | J96: =VLOOKUP($D96,'Khung_CTĐT_CNTT_K30 (2024)'!$B$10:$L$96,'Ke hoach giảng dạy CNTT'!J$6,0) -> 0 | K96: =VLOOKUP($D96,'Khung_CTĐT_CNTT_K30 (2024)'!$B$10:$L$96,'Ke hoach giảng dạy CNTT'!K$6,0) -> BB | L96: =VLOOKUP($D96,'Khung_CTĐT_CNTT_K30 (2024)'!$B$10:$L$96,'Ke hoach giảng dạy CNTT'!L$6,0) -> Không | M96: =VLOOKUP($D96,'Khung_CTĐT_CNTT_K30 (2024)'!$B$10:$L$96,'Ke hoach giảng dạy CNTT'!M$6,0) -> Không | Q96: =Q94 -> 9 | R96: =IFERROR(VLOOKUP(D96,$D$9:D94,1,0),"")
B97: 3 | C97: 3 | D97: 71ITIN40304 | E97: =VLOOKUP($D97,'Khung_CTĐT_CNTT_K30 (2024)'!$B$10:$L$96,'Ke hoach giảng dạy CNTT'!E$6,0) -> Đồ án thực tập | F97: =VLOOKUP($D97,'Khung_CTĐT_CNTT_K30 (2024)'!$B$10:$L$96,'Ke hoach giảng dạy CNTT'!F$6,0) -> 4 | G97: =VLOOKUP($D97,'Khung_CTĐT_CNTT_K30 (2024)'!$B$10:$L$96,'Ke hoach giảng dạy CNTT'!G$6,0) -> 0 | H97: =VLOOKUP($D97,'Khung_CTĐT_CNTT_K30 (2024)'!$B$10:$L$96,'Ke hoach giảng dạy CNTT'!H$6,0) -> 0 | I97: =VLOOKUP($D97,'Khung_CTĐT_CNTT_K30 (2024)'!$B$10:$L$96,'Ke hoach giảng dạy CNTT'!I$6,0) -> 0 | J97: =VLOOKUP($D97,'Khung_CTĐT_CNTT_K30 (2024)'!$B$10:$L$96,'Ke hoach giảng dạy CNTT'!J$6,0) -> 180 | K97: =VLOOKUP($D97,'Khung_CTĐT_CNTT_K30 (2024)'!$B$10:$L$96,'Ke hoach giảng dạy CNTT'!K$6,0) -> BB | L97: =VLOOKUP($D97,'Khung_CTĐT_CNTT_K30 (2024)'!$B$10:$L$96,'Ke hoach giảng dạy CNTT'!L$6,0) -> Không | M97: =VLOOKUP($D97,'Khung_CTĐT_CNTT_K30 (2024)'!$B$10:$L$96,'Ke hoach giảng dạy CNTT'!M$6,0) -> [71ITSE30103] Kỹ thuật lập trình | Q97: =Q96 -> 9 | R97: =IFERROR(VLOOKUP(D97,$D$9:D96,1,0),"")
A98: HK271 10 | B98: 1 | N98: =SUM(F98:F100) -> 6 | P98: =P94+N98 -> 126 | Q98: 10 | R98: =IFERROR(VLOOKUP(D98,$D$9:D97,1,0),"")
B99: 1 | Q99: =Q98 -> 10 | R99: =IFERROR(VLOOKUP(D99,$D$9:D98,1,0),"")
B100: 1 | C100: 4 | D100: 71ITGR40206 | E100: =VLOOKUP($D100,'Khung_CTĐT_CNTT_K30 (2024)'!$B$10:$L$96,'Ke hoach giảng dạy CNTT'!E$6,0) -> Đồ án Tốt nghiệp | F100: =VLOOKUP($D100,'Khung_CTĐT_CNTT_K30 (2024)'!$B$10:$L$96,'Ke hoach giảng dạy CNTT'!F$6,0) -> 6 | G100: =VLOOKUP($D100,'Khung_CTĐT_CNTT_K30 (2024)'!$B$10:$L$96,'Ke hoach giảng dạy CNTT'!G$6,0) -> 0 | H100: =VLOOKUP($D100,'Khung_CTĐT_CNTT_K30 (2024)'!$B$10:$L$96,'Ke hoach giảng dạy CNTT'!H$6,0) -> 0 | I100: =VLOOKUP($D100,'Khung_CTĐT_CNTT_K30 (2024)'!$B$10:$L$96,'Ke hoach giảng dạy CNTT'!I$6,0) -> 270 | J100: =VLOOKUP($D100,'Khung_CTĐT_CNTT_K30 (2024)'!$B$10:$L$96,'Ke hoach giảng dạy CNTT'!J$6,0) -> 0 | K100: =VLOOKUP($D100,'Khung_CTĐT_CNTT_K30 (2024)'!$B$10:$L$96,'Ke hoach giảng dạy CNTT'!K$6,0) -> TC406 | L100: =VLOOKUP($D100,'Khung_CTĐT_CNTT_K30 (2024)'!$B$10:$L$96,'Ke hoach giảng dạy CNTT'!L$6,0) -> Không | M100: =VLOOKUP($D100,'Khung_CTĐT_CNTT_K30 (2024)'!$B$10:$L$96,'Ke hoach giảng dạy CNTT'!M$6,0) -> Dựa theo quy định cụ thể của Khoa về Triển khai Học và làm ĐATN | Q100: =Q99 -> 10 | R100: =IFERROR(VLOOKUP(D100,$D$9:D99,1,0),"")
B101: 1 | C101: 4 | D101: 71ITGR40203 | E101: =VLOOKUP($D101,'Khung_CTĐT_CNTT_K30 (2024)'!$B$10:$L$96,'Ke hoach giảng dạy CNTT'!E$6,0) -> Chuyên đề Tốt nghiệp 1 | F101: =VLOOKUP($D101,'Khung_CTĐT_CNTT_K30 (2024)'!$B$10:$L$96,'Ke hoach giảng dạy CNTT'!F$6,0) -> 3 | G101: =VLOOKUP($D101,'Khung_CTĐT_CNTT_K30 (2024)'!$B$10:$L$96,'Ke hoach giảng dạy CNTT'!G$6,0) -> 0 | H101: =VLOOKUP($D101,'Khung_CTĐT_CNTT_K30 (2024)'!$B$10:$L$96,'Ke hoach giảng dạy CNTT'!H$6,0) -> 0 | I101: =VLOOKUP($D101,'Khung_CTĐT_CNTT_K30 (2024)'!$B$10:$L$96,'Ke hoach giảng dạy CNTT'!I$6,0) -> 180 | J101: =VLOOKUP($D101,'Khung_CTĐT_CNTT_K30 (2024)'!$B$10:$L$96,'Ke hoach giảng dạy CNTT'!J$6,0) -> 0 | K101: =VLOOKUP($D101,'Khung_CTĐT_CNTT_K30 (2024)'!$B$10:$L$96,'Ke hoach giảng dạy CNTT'!K$6,0) -> TC406 | L101: =VLOOKUP($D101,'Khung_CTĐT_CNTT_K30 (2024)'!$B$10:$L$96,'Ke hoach giảng dạy CNTT'!L$6,0) -> Không | M101: =VLOOKUP($D101,'Khung_CTĐT_CNTT_K30 (2024)'!$B$10:$L$96,'Ke hoach giảng dạy CNTT'!M$6,0) -> Dựa theo quy định cụ thể của Khoa về Triển khai Học và làm ĐATN | Q101: =Q100 -> 10 | R101: =IFERROR(VLOOKUP(D101,$D$9:D100,1,0),"")
B102: 1 | C102: 4 | D102: 71ITGR40303 | E102: =VLOOKUP($D102,'Khung_CTĐT_CNTT_K30 (2024)'!$B$10:$L$96,'Ke hoach giảng dạy CNTT'!E$6,0) -> Chuyên đề Tốt nghiệp 2 | F102: =VLOOKUP($D102,'Khung_CTĐT_CNTT_K30 (2024)'!$B$10:$L$96,'Ke hoach giảng dạy CNTT'!F$6,0) -> 3 | G102: =VLOOKUP($D102,'Khung_CTĐT_CNTT_K30 (2024)'!$B$10:$L$96,'Ke hoach giảng dạy CNTT'!G$6,0) -> 0 | H102: =VLOOKUP($D102,'Khung_CTĐT_CNTT_K30 (2024)'!$B$10:$L$96,'Ke hoach giảng dạy CNTT'!H$6,0) -> 0 | I102: =VLOOKUP($D102,'Khung_CTĐT_CNTT_K30 (2024)'!$B$10:$L$96,'Ke hoach giảng dạy CNTT'!I$6,0) -> 180 | J102: =VLOOKUP($D102,'Khung_CTĐT_CNTT_K30 (2024)'!$B$10:$L$96,'Ke hoach giảng dạy CNTT'!J$6,0) -> 0 | K102: =VLOOKUP($D102,'Khung_CTĐT_CNTT_K30 (2024)'!$B$10:$L$96,'Ke hoach giảng dạy CNTT'!K$6,0) -> TC406 | L102: =VLOOKUP($D102,'Khung_CTĐT_CNTT_K30 (2024)'!$B$10:$L$96,'Ke hoach giảng dạy CNTT'!L$6,0) -> Không | M102: =VLOOKUP($D102,'Khung_CTĐT_CNTT_K30 (2024)'!$B$10:$L$96,'Ke hoach giảng dạy CNTT'!M$6,0) -> Dựa theo quy định cụ thể của Khoa về Triển khai Học và làm ĐATN | Q102: =Q101 -> 10 | R102: =IFERROR(VLOOKUP(D102,$D$9:D101,1,0),"")
...

Sheet Khung_CTĐT_CNTT_K30 (2024)
A2: TRƯỜNG ĐẠI HỌC VĂN LANG
A3: KHOA CÔNG NGHỆ THÔNG TIN
A5: KHUNG CHƯƠNG TRÌNH ĐÀO TẠO NGÀNH CÔNG NGHỆ THÔNG TIN KHÓA 30
A7: Tổng tín chỉ của CTĐT: 126 tín chỉ
B8: 1 | C8: 2 | D8: 3 | E8: 4 | F8: 5 | G8: 6 | H8: 7 | I8: 8 | J8: 9 | K8: 10 | L8: 11 | M8: 12 | N8: 13 | O8: 14 | P8: 15 | Q8: 16
A9: TT | B9: Mã học phần | C9: Tên học phần tiếng Việt | D9: Tên học phần tiếng Anh | E9: Số tín chỉ | F9: LT | G9: TH | H9: ĐA | I9: TT | J9: BB/TC | K9: Điều kiện tiên quyết | L9: Điều kiện học trước | M9: Khối kiến thức | N9: Tên chuyên ngành/chuyên sâu | O9: Ghi chú | P9: Mã BM | Q9: BM phụ trách | R9: Học kỳ | S9: Năm thứ
A10: =COUNTA($B$10:B10) -> 1 | B10: 71LAWG10012 | C10: Pháp luật đại cương | D10: General Law | E10: 2 | F10: 30 | G10: 0 | H10: 0 | J10: BB | K10: Không | L10: Không | M10: Đại cương | P10: 200110201 | Q10: Bộ Môn Luật Hành chính - Nhà nước | R10: 1 | S10: 3
A11: =COUNTA($B$10:B11) -> 2 | B11: 71ENVH10012 | C11: Môi trường và con người | E11: 2 | F11: 30 | G11: 0 | H11: 0 | J11: BB | K11: Không | L11: Không | M11: Đại cương | P11: 200111302 | Q11: Bộ môn Công nghệ kỹ thuật môi trường | R11: 1 | S11: 3
A12: =COUNTA($B$10:B12) -> 3 | B12: 71ITMA10104 | C12: Toán cao cấp và ứng dụng | D12: Advanced Calculus | E12: 4 | F12: 45 | G12: 30 | H12: 0 | J12: BB | K12: Không | L12: Không | M12: Đại cương | P12: 200110701 | Q12: Bộ môn Khoa học dữ liệu | R12: 2 | S12: 1
A13: =COUNTA($B$10:B13) -> 4 | B13: 71MATL10053 | C13: Đại số tuyến tính và ứng dụng | D13: Linear Algebra | E13: 3 | F13: 30 | G13: 30 | H13: 0 | J13: BB | K13: Không | L13: Không | M13: Đại cương | P13: 200110701 | Q13: Bộ môn Khoa học dữ liệu | R13: 3 | S13: 1
A14: =COUNTA($B$10:B14) -> 5 | B14: 71SSK110023 | C14: Kỹ năng công dân toàn cầu | E14: 3 | F14: 45 | G14: 0 | H14: 0 | J14: BB | K14: Không | L14: Không | M14: Đại cương | P14: 2001206 | Q14: Trung tâm Phát triển năng lực sinh viên | R14: 1 | S14: 1
A15: =COUNTA($B$10:B15) -> 6 | B15: 71POLP10013 | C15: Triết học Mác-Lênin | D15: Philosophy of Marxism and Leninism | E15: 3 | F15: 45 | G15: 0 | H15: 0 | J15: BB | K15: Không | L15: Không | M15: Lý luận chính trị | P15: 200111206 | Q15: Bộ môn Triết học và Chủ nghĩa XHKH | R15: 2 | S15: 1
A16: =COUNTA($B$10:B16) -> 7 | B16: 71POLE10022 | C16: Kinh tế chính trị Mác-Lênin | D16: Marxist – Leninist Political Economy | E16: 2 | F16: 30 | G16: 0 | H16: 0 | J16: BB | K16: Không | L16: [71POLP10013]Triết học Mác-Lênin | M16: Lý luận chính trị | P16: 200111208 | Q16: Bộ môn Kinh tế chính trị Mác - Lênin | R16: 3 | S16: 1
A17: =COUNTA($B$10:B17) -> 8 | B17: 71POLS10032 | C17: Chủ nghĩa xã hội khoa học | D17: Scientific Socialism | E17: 2 | F17: 30 | G17: 0 | H17: 0 | J17: BB | K17: Không | L17: [71POLP10013]Triết học Mác-Lênin | M17: Lý luận chính trị | P17: 200111206 | Q17: Bộ môn Triết học và Chủ nghĩa XHKH | R17: 1 | S17: 2
A18: =COUNTA($B$10:B18) -> 9 | B18: 71POLH10042 | C18: Tư tưởng Hồ Chí Minh | D18: Ho Chi Minh's Thought | E18: 2 | F18: 30 | G18: 0 | H18: 0 | J18: BB | K18: Không | L18: [71POLE10022]Kinh tế chính trị Mác-Lênin, [71POLS10032]Chủ nghĩa xã hội khoa học | M18: Lý luận chính trị | P18: 200111207 | Q18: Bộ môn Lịch sử Đảng CSVN và Tư tưởng HCM | R18: 2 | S18: 2
A19: =COUNTA($B$10:B19) -> 10 | B19: 71POLC10052 | C19: Lịch sử Đảng Cộng sản Việt Nam | D19: History of Vietnamese Communist Party | E19: 2 | F19: 30 | G19: 0 | H19: 0 | J19: BB | K19: Không | L19: [71POLE10022]Kinh tế chính trị Mác-Lênin, [71POLS10032]Chủ nghĩa xã hội khoa học | M19: Lý luận chính trị | P19: 200111207 | Q19: Bộ môn Lịch sử Đảng CSVN và Tư tưởng HCM | R19: 3 | S19: 2
A20: =COUNTA($B$10:B20) -> 11 | B20: 71ENG110013 | C20: Anh văn 1 (AV1) | D20: English 1 | E20: 3 | F20: 30 | G20: 30 | H20: 0 | J20: BB | K20: [71ENG010012]Anh văn dự bị (AV0) | L20: Không | M20: Ngoại ngữ | P20: 200112601 | Q20: Bộ môn Anh văn tổng quát | R20: 1 | S20: 1
A21: =COUNTA($B$10:B21) -> 12 | B21: 71ENG210023 | C21: Anh văn 2 (AV2) | D21: English 2 | E21: 3 | F21: 30 | G21: 30 | H21: 0 | J21: BB | K21: [71ENG110013]Anh văn 1 (AV1) | L21: Không | M21: Ngoại ngữ | P21: 200112601 | Q21: Bộ môn Anh văn tổng quát | R21: 2 | S21: 1
A22: =COUNTA($B$10:B22) -> 13 | B22: 71ENG310033 | C22: Anh văn 3 (AV3) | D22: English 3 | E22: 3 | F22: 30 | G22: 30 | H22: 0 | J22: BB | K22: [71ENG210023]Anh văn 2 (AV2) | L22: Không | M22: Ngoại ngữ | P22: 200112601 | Q22: Bộ môn Anh văn tổng quát | R22: 3 | S22: 1
A23: =COUNTA($B$10:B23) -> 14 | B23: 71ENG410043 | C23: Anh văn 4 (AV4) | D23: English 4 | E23: 3 | F23: 30 | G23: 30 | H23: 0 | J23: BB | K23: [71ENG310033]Anh văn 3 (AV3) | L23: Không | M23: Ngoại ngữ | P23: 200112601 | Q23: Bộ môn Anh văn tổng quát | R23: 1 | S23: 2
A24: =COUNTA($B$10:B24) -> 15 | B24: 71ENG510053 | C24: Anh văn 5 (AV5) | D24: English 5 | E24: 3 | F24: 30 | G24: 30 | H24: 0 | J24: BB | K24: [71ENG410043]Anh văn 4 (AV4) | L24: Không | M24: Ngoại ngữ | P24: 200112601 | Q24: Bộ môn Anh văn tổng quát | R24: 2 | S24: 2
A25: =COUNTA($B$10:B25) -> 16 | B25: 71ENG610063 | C25: Anh văn 6 (AV6) | D25: English 6 | E25: 3 | F25: 45 | G25: 0 | H25: 0 | J25: BB | K25: [71ENG510053]Anh văn 5 (AV5) | L25: Không | M25: Ngoại ngữ | P25: 200112601 | Q25: Bộ môn Anh văn tổng quát | R25: 3 | S25: 2
A26: =COUNTA($B$10:B26) -> 17 | B26: 71ENG710073 | C26: Anh văn 7 (AV7) | D26: English 7 | E26: 3 | F26: 45 | G26: 0 | H26: 0 | J26: BB | K26: [71ENG610063]Anh văn 6 (AV6) | L26: Không | M26: Ngoại ngữ | P26: 200112601 | Q26: Bộ môn Anh văn tổng quát | R26: 1 | S26: 3
A27: =COUNTA($B$10:B27) -> 18 | B27: 71PEKC10062 | C27: Cờ vua | E27: 2 | F27: 45 | G27: 60 | H27: 0 | J27: TC002 (2TC) | K27: Không | L27: Không | M27: Giáo dục thể chất và giáo dục quốc phòng | P27: 200113501 | Q27: Bộ môn Giáo dục thể chất | R27: 2 | S27: 1
A28: =COUNTA($B$10:B28) -> 19 | B28: 71PESW10042 | C28: Bơi lội | E28: 2 | F28: 45 | G28: 60 | H28: 0 | J28: TC002 (2TC) | K28: Không | L28: Không | M28: Giáo dục thể chất và giáo dục quốc phòng | P28: 200113501 | Q28: Bộ môn Giáo dục thể chất | R28: 2 | S28: 1
A29: =COUNTA($B$10:B29) -> 20 | B29: 71PEYO10142 | C29: Hatha yoga | E29: 2 | F29: 45 | G29: 8 | H29: 0 | J29: TC002 (2TC) | K29: Không | L29: Không | M29: Giáo dục thể chất và giáo dục quốc phòng | P29: 200113501 | Q29: Bộ môn Giáo dục thể chất | R29: 2 | S29: 1
A30: =COUNTA($B$10:B30) -> 21 | B30: 71PEKC10172 | C30: Cờ vua nâng cao | E30: 2 | F30: 45 | G30: 8 | H30: 0 | J30: TC102 (2TC) | K30: Không | L30: [71PEKC10062]Cờ vua | M30: Giáo dục thể chất và giáo dục quốc phòng | P30: 200113501 | Q30: Bộ môn Giáo dục thể chất | R30: 3 | S30: 1
A31: =COUNTA($B$10:B31) -> 22 | B31: 71PEBA10052 | C31: Cầu lông | E31: 2 | F31: 45 | G31: 16 | H31: 0 | J31: TC102 (2TC) | K31: Không | L31: Không | M31: Giáo dục thể chất và giáo dục quốc phòng | P31: 200113501 | Q31: Bộ môn Giáo dục thể chất | R31: 3 | S31: 1
A32: =COUNTA($B$10:B32) -> 23 | B32: 71PEBB10032 | C32: Bóng rổ | E32: 2 | F32: 45 | J32: TC102 (2TC) | K32: Không | L32: Không | M32: Giáo dục thể chất và giáo dục quốc phòng | P32: 200113501 | Q32: Bộ môn Giáo dục thể chất | R32: 3 | S32: 1
A33: =COUNTA($B$10:B33) -> 24 | B33: 71PEDA10102 | C33: Khiêu vũ | E33: 2 | F33: 45 | J33: TC102 (2TC) | K33: Không | L33: Không | M33: Giáo dục thể chất và giáo dục quốc phòng | P33: 200113501 | Q33: Bộ môn Giáo dục thể chất | R33: 3 | S33: 1
A34: =COUNTA($B$10:B34) -> 25 | B34: 71PEFI10072 | C34: Fitness | E34: 2 | F34: 45 | J34: TC102 (2TC) | K34: Không | L34: Không | M34: Giáo dục thể chất và giáo dục quốc phòng | P34: 200113501 | Q34: Bộ môn Giáo dục thể chất | R34: 3 | S34: 1
A35: =COUNTA($B$10:B35) -> 26 | B35: 71PEFU10082 | C35: Futsal | E35: 2 | F35: 45 | J35: TC102 (2TC) | K35: Không | L35: Không | M35: Giáo dục thể chất và giáo dục quốc phòng | P35: 200113501 | Q35: Bộ môn Giáo dục thể chất | R35: 3 | S35: 1
A36: =COUNTA($B$10:B36) -> 27 | B36: 71PEGO10092 | C36: Golf | E36: 2 | F36: 45 | J36: TC102 (2TC) | K36: Không | L36: Không | M36: Giáo dục thể chất và giáo dục quốc phòng | P36: 200113501 | Q36: Bộ môn Giáo dục thể chất | R36: 3 | S36: 1
A37: =COUNTA($B$10:B37) -> 28 | B37: 71PEMA10132 | C37: Võ thuật | E37: 2 | F37: 45 | J37: TC102 (2TC) | K37: Không | L37: Không | M37: Giáo dục thể chất và giáo dục quốc phòng | P37: 200113501 | Q37: Bộ môn Giáo dục thể chất | R37: 3 | S37: 1
A38: =COUNTA($B$10:B38) -> 29 | B38: 71PEMT10152 | C38: Marathon | E38: 2 | F38: 45 | J38: TC102 (2TC) | K38: Không | L38: Không | M38: Giáo dục thể chất và giáo dục quốc phòng | P38: 200113501 | Q38: Bộ môn Giáo dục thể chất | R38: 3 | S38: 1
A39: =COUNTA($B$10:B39) -> 30 | B39: 71PESC10112 | C39: Leo núi thể thao | E39: 2 | F39: 45 | J39: TC102 (2TC) | K39: Không | L39: Không | M39: Giáo dục thể chất và giáo dục quốc phòng | P39: 200113501 | Q39: Bộ môn Giáo dục thể chất | R39: 3 | S39: 1
A40: =COUNTA($B$10:B40) -> 31 | B40: 71PESS10162 | C40: Bắn súng thể thao | E40: 2 | F40: 45 | J40: TC102 (2TC) | K40: Không | L40: Không | M40: Giáo dục thể chất và giáo dục quốc phòng | P40: 200113501 | Q40: Bộ môn Giáo dục thể chất | R40: 3 | S40: 1
A41: =COUNTA($B$10:B41) -> 32 | B41: 71PETE10122 | C41: Tennis | E41: 2 | F41: 45 | J41: TC102 (2TC) | K41: Không | L41: Không | M41: Giáo dục thể chất và giáo dục quốc phòng | P41: 200113501 | Q41: Bộ môn Giáo dục thể chất | R41: 3 | S41: 1
A42: =COUNTA($B$10:B42) -> 33 | B42: 71PETT10012 | C42: Bóng bàn | E42: 2 | F42: 45 | J42: TC102 (2TC) | K42: Không | L42: Không | M42: Giáo dục thể chất và giáo dục quốc phòng | P42: 200113501 | Q42: Bộ môn Giáo dục thể chất | R42: 3 | S42: 1
A43: =COUNTA($B$10:B43) -> 34 | B43: 71PEVB10022 | C43: Bóng chuyền | E43: 2 | F43: 45 | J43: TC102 (2TC) | K43: Không | L43: Không | M43: Giáo dục thể chất và giáo dục quốc phòng | P43: 200113501 | Q43: Bộ môn Giáo dục thể chất | R43: 3 | S43: 1
A44: =COUNTA($B$10:B44) -> 35 | B44: 71NAD110013 | C44: GDQP1: Đường lối QP và AN của ĐCSVN | E44: 3 | J44: BB | M44: Giáo dục thể chất và giáo dục quốc phòng | P44: 200113301 | Q44: Bộ môn Giáo dục quốc phòng và an ninh | R44: 1 | S44: 1
A45: =COUNTA($B$10:B45) -> 36 | B45: 71NAD210022 | C45: GDQP2: Công tác quốc phòng và an ninh | E45: 2 | J45: BB | M45: Giáo dục thể chất và giáo dục quốc phòng | P45: 200113301 | Q45: Bộ môn Giáo dục quốc phòng và an ninh | R45: 1 | S45: 1
A46: =COUNTA($B$10:B46) -> 37 | B46: 71NAD310032 | C46: GDQP3: Quân sự chung | E46: 2 | J46: BB | M46: Giáo dục thể chất và giáo dục quốc phòng | P46: 200113301 | Q46: Bộ môn Giáo dục quốc phòng và an ninh | R46: 1 | S46: 1
A47: =COUNTA($B$10:B47) -> 38 | B47: 71NAD410044 | C47: GDQP4: Kỹ thuật chiến đấu bộ binh và chiến thuật | E47: 4 | J47: BB | M47: Giáo dục thể chất và giáo dục quốc phòng | P47: 200113301 | Q47: Bộ môn Giáo dục quốc phòng và an ninh | R47: 1 | S47: 1
A48: =COUNTA($B$10:B48) -> 39 | B48: 71ITBS10103 | C48: Nhập môn Công nghệ thông tin | D48: Introduction to Information Technology | E48: 3 | F48: 30 | G48: 30 | H48: 0 | I48: 0 | J48: BB | K48: Không | L48: Không | M48: Kiến thức cơ sở khối ngành | P48: 200110704 | Q48: Bộ môn Quản trị Hệ thống thông tin | R48: 1 | S48: 1 | U48: =_xlfn.XLOOKUP(B48,'Ke hoach giảng dạy CNTT'!D:D,'Ke hoach giảng dạy CNTT'!B:B) -> 1 | V48: =_xlfn.XLOOKUP(B48,'Ke hoach giảng dạy CNTT'!D:D,'Ke hoach giảng dạy CNTT'!C:C) -> 1
A49: =COUNTA($B$10:B49) -> 40 | B49: 71ITBS10203 | C49: Cơ sở lập trình | D49: Programming Basics | E49: 3 | F49: 30 | G49: 30 | H49: 0 | I49: 0 | J49: BB | K49: Không | L49: Không | M49: Kiến thức cơ sở khối ngành | P49: 200110704 | Q49: Bộ môn Quản trị Hệ thống thông tin | R49: 1 | S49: 1 | U49: =_xlfn.XLOOKUP(B49,'Ke hoach giảng dạy CNTT'!D:D,'Ke hoach giảng dạy CNTT'!B:B) -> 1 | V49: =_xlfn.XLOOKUP(B49,'Ke hoach giảng dạy CNTT'!D:D,'Ke hoach giảng dạy CNTT'!C:C) -> 1
A50: =COUNTA($B$10:B50) -> 41 | B50: 71ITIS30103 | C50: Cơ sở dữ liệu | D50: Databases | E50: 3 | F50: 30 | G50: 30 | H50: 0 | I50: 0 | J50: BB | K50: Không | L50: Không | M50: Kiến thức cơ sở khối ngành | P50: 200110704 | Q50: Bộ môn Quản trị Hệ thống thông tin | R50: 3 | S50: 1 | U50: =_xlfn.XLOOKUP(B50,'Ke hoach giảng dạy CNTT'!D:D,'Ke hoach giảng dạy CNTT'!B:B) -> 3 | V50: =_xlfn.XLOOKUP(B50,'Ke hoach giảng dạy CNTT'!D:D,'Ke hoach giảng dạy CNTT'!C:C) -> 1
A51: =COUNTA($B$10:B51) -> 42 | B51: 71ITNW30103 | C51: Nhập môn Mạng máy tính và điện toán đám mây | D51: Introduction to Computer Networks and Cloud Computing | E51: 3 | F51: 30 | G51: 30 | H51: 0 | I51: 0 | J51: BB | K51: Không | L51: Không | M51: Kiến thức cơ sở khối ngành | P51: 200110702 | Q51: Bộ môn Mạng máy tính & Internet vạn vật kết nối | R51: 2 | S51: 1 | U51: =_xlfn.XLOOKUP(B51,'Ke hoach giảng dạy CNTT'!D:D,'Ke hoach giảng dạy CNTT'!B:B) -> 2 | V51: =_xlfn.XLOOKUP(B51,'Ke hoach giảng dạy CNTT'!D:D,'Ke hoach giảng dạy CNTT'!C:C) -> 1
A52: =COUNTA($B$10:B52) -> 43 | B52: 71ITSE30303 | C52: Cấu trúc dữ liệu và giải thuật | D52: Data Structures and Algorithms | E52: 3 | F52: 30 | G52: 30 | H52: 0 | I52: 0 | J52: BB | K52: Không | L52: [71ITBS10203]Cơ sở lập trình | M52: Kiến thức cơ sở khối ngành | P52: 200110701 | Q52: Bộ môn Khoa học dữ liệu | R52: 3 | S52: 1 | U52: =_xlfn.XLOOKUP(B52,'Ke hoach giảng dạy CNTT'!D:D,'Ke hoach giảng dạy CNTT'!B:B) -> 3 | V52: =_xlfn.XLOOKUP(B52,'Ke hoach giảng dạy CNTT'!D:D,'Ke hoach giảng dạy CNTT'!C:C) -> 1
A53: =COUNTA($B$10:B53) -> 44 | B53: 71ITMA10403 | C53: Toán rời rạc | D53: Discrete Mathematics | E53: 4 | F53: 45 | G53: 30 | H53: 0 | I53: 0 | J53: BB | K53: Không | L53: [71ITMA10104]Toán cao cấp và ứng dụng | M53: Kiến thức cơ sở khối ngành | O53: Đổi mã cho đúng quy định | P53: 200110701 | Q53: Bộ môn Khoa học dữ liệu | R53: 1 | S53: 2 | U53: =_xlfn.XLOOKUP(B53,'Ke hoach giảng dạy CNTT'!D:D,'Ke hoach giảng dạy CNTT'!B:B) -> 1 | V53: =_xlfn.XLOOKUP(B53,'Ke hoach giảng dạy CNTT'!D:D,'Ke hoach giảng dạy CNTT'!C:C) -> 2
A54: =COUNTA($B$10:B54) -> 45 | B54: 71ITSE30103 | C54: Kỹ thuật lập trình | D54: Programming Techniques | E54: 3 | F54: 30 | G54: 30 | H54: 0 | I54: 0 | J54: BB | K54: Không | L54: [71ITBS10203]Cơ sở lập trình | M54: Kiến thức cơ sở khối ngành | P54: 200110703 | Q54: Bộ môn Kỹ Thuật Phầm Mềm | R54: 2 | S54: 1 | U54: =_xlfn.XLOOKUP(B54,'Ke hoach giảng dạy CNTT'!D:D,'Ke hoach giảng dạy CNTT'!B:B) -> 2 | V54: =_xlfn.XLOOKUP(B54,'Ke hoach giảng dạy CNTT'!D:D,'Ke hoach giảng dạy CNTT'!C:C) -> 1
A55: =COUNTA($B$10:B55) -> 46 | B55: 71ITSE30203 | C55: Lập trình hướng đối tượng | D55: Object-Oriented Programming | E55: 3 | F55: 30 | G55: 30 | H55: 0 | I55: 0 | J55: BB | K55: Không | L55: [71ITBS10203]Cơ sở lập trình | M55: Kiến thức cơ sở ngành | P55: 200110703 | Q55: Bộ môn Kỹ Thuật Phầm Mềm | R55: 1 | S55: 2 | U55: =_xlfn.XLOOKUP(B55,'Ke hoach giảng dạy CNTT'!D:D,'Ke hoach giảng dạy CNTT'!B:B) -> 1 | V55: =_xlfn.XLOOKUP(B55,'Ke hoach giảng dạy CNTT'!D:D,'Ke hoach giảng dạy CNTT'!C:C) -> 2
A56: =COUNTA($B$10:B56) -> 47 | B56: 71ITDS30103 | C56: Các nền tảng phát triển phần mềm | D56: Software Development Platforms | E56: 3 | F56: 30 | G56: 30 | H56: 0 | I56: 0 | J56: BB | K56: Không | L56: [71ITBS10103]Nhập môn công nghệ thông tin | M56: Kiến thức cơ sở ngành | P56: 200110703 | Q56: Bộ môn Kỹ Thuật Phầm Mềm | R56: 2 | S56: 2 | U56: =_xlfn.XLOOKUP(B56,'Ke hoach giảng dạy CNTT'!D:D,'Ke hoach giảng dạy CNTT'!B:B) -> 2 | V56: =_xlfn.XLOOKUP(B56,'Ke hoach giảng dạy CNTT'!D:D,'Ke hoach giảng dạy CNTT'!C:C) -> 2
A57: =COUNTA($B$10:B57) -> 48 | B57: 71ITSE30503 | C57: Lập trình ứng dụng Web | D57: Web Application Programming | E57: 3 | F57: 30 | G57: 30 | H57: 0 | I57: 0 | J57: BB | K57: Không | L57: [71ITBS10203]Cơ sở lập trình | M57: Kiến thức cơ sở ngành | P57: 200110703 | Q57: Bộ môn Kỹ Thuật Phầm Mềm | R57: 1 | S57: 2 | U57: =_xlfn.XLOOKUP(B57,'Ke hoach giảng dạy CNTT'!D:D,'Ke hoach giảng dạy CNTT'!B:B) -> 1 | V57: =_xlfn.XLOOKUP(B57,'Ke hoach giảng dạy CNTT'!D:D,'Ke hoach giảng dạy CNTT'!C:C) -> 2
A58: =COUNTA($B$10:B58) -> 49 | B58: 71ITAI40103 | C58: Nhập môn Trí tuệ nhân tạo | D58: Introduction to Artificial Intelligence | E58: 3 | F58: 30 | G58: 30 | H58: 0 | I58: 0 | J58: BB | K58: Không | L58: [71ITBS10203]Cơ sở lập trình | M58: Kiến thức cơ sở ngành | P58: 200110701 | Q58: Bộ môn Khoa học dữ liệu | R58: 3 | S58: 2 | U58: =_xlfn.XLOOKUP(B58,'Ke hoach giảng dạy CNTT'!D:D,'Ke hoach giảng dạy CNTT'!B:B) -> 3 | V58: =_xlfn.XLOOKUP(B58,'Ke hoach giảng dạy CNTT'!D:D,'Ke hoach giảng dạy CNTT'!C:C) -> 2
A59: =COUNTA($B$10:B59) -> 50 | B59: 71ITDS30203 | C59: Nhập môn Phân tích Dữ liệu và Học sâu | D59: Introduction to Data Analytics and Deep Learning | E59: 3 | F59: 30 | G59: 30 | H59: 0 | I59: 0 | J59: TC209 | K59: Không | L59: Không | M59: Kiến thức cơ sở ngành | O59: Chuyển từ BB -> TC; Theo hướng CNDL, TTNT | P59: 200110701 | Q59: Bộ môn Khoa học dữ liệu | R59: 3 | S59: 2 | U59: =_xlfn.XLOOKUP(B59,'Ke hoach giảng dạy CNTT'!D:D,'Ke hoach giảng dạy CNTT'!B:B) -> 3 | V59: =_xlfn.XLOOKUP(B59,'Ke hoach giảng dạy CNTT'!D:D,'Ke hoach giảng dạy CNTT'!C:C) -> 2
A60: =COUNTA($B$10:B60) -> 51 | B60: 71ITDS40203 | C60: Xác xuất thống kê ứng dụng | D60: Applicable Probability and Statistics | E60: 3 | F60: 30 | G60: 30 | H60: 0 | I60: 0 | J60: TC209 | K60: Không | L60: [71ITMA10403]Toán rời rạc | M60: Kiến thức cơ sở ngành | O60: Chuyển từ BB -> TC; Theo hướng CNDL, TTNT | P60: 200110701 | Q60: Bộ môn Khoa học dữ liệu | R60: 2 | S60: 2 | U60: =_xlfn.XLOOKUP(B60,'Ke hoach giảng dạy CNTT'!D:D,'Ke hoach giảng dạy CNTT'!B:B) -> 2 | V60: =_xlfn.XLOOKUP(B60,'Ke hoach giảng dạy CNTT'!D:D,'Ke hoach giảng dạy CNTT'!C:C) -> 2
A61: =COUNTA($B$10:B61) -> 52 | B61: 71ITSE30403 | C61: Lập trình ứng dụng Java | D61: Java Application Programming | E61: 3 | F61: 30 | G61: 30 | H61: 0 | I61: 0 | J61: TC209 | K61: Không | L61: Không | M61: Kiến thức cơ sở ngành | O61: Chuyển từ BB -> TC; Theo hướng CNPM | P61: 200110703 | Q61: Bộ môn Kỹ Thuật Phầm Mềm | R61: 2 | S61: 2 | U61: =_xlfn.XLOOKUP(B61,'Ke hoach giảng dạy CNTT'!D:D,'Ke hoach giảng dạy CNTT'!B:B) -> 2 | V61: =_xlfn.XLOOKUP(B61,'Ke hoach giảng dạy CNTT'!D:D,'Ke hoach giảng dạy CNTT'!C:C) -> 2
A62: =COUNTA($B$10:B62) -> 53 | B62: 71NWSE40103 | C62: Nhập môn hệ thống nhúng | D62: Foundation of Embedded System | E62: 3 | F62: 30 | G62: 30 | H62: 0 | I62: 0 | J62: TC209 | K62: Không | L62: Không | M62: Kiến thức cơ sở ngành | O62: Bổ sung môn học để SV có thêm sự lựa chọn | P62: 200110702 | Q62: Bộ môn Mạng máy tính & Internet vạn vật kết nối | R62: 3 | S62: 2 | U62: =_xlfn.XLOOKUP(B62,'Ke hoach giảng dạy CNTT'!D:D,'Ke hoach giảng dạy CNTT'!B:B) -> 3 | V62: =_xlfn.XLOOKUP(B62,'Ke hoach giảng dạy CNTT'!D:D,'Ke hoach giảng dạy CNTT'!C:C) -> 2
A63: =COUNTA($B$10:B63) -> 54 | B63: 71ISBC30103 | C63: Nhập môn Hệ thống thông tin | D63: Introduction to Information Systems | E63: 3 | F63: 30 | G63: 30 | H63: 0 | I63: 0 | J63: TC209 | K63: Không | L63: [71ITBS10103]Nhập môn công nghệ thông tin | M63: Kiến thức cơ sở ngành | O63: Bổ sung môn học để SV có thêm sự lựa chọn | P63: 200110704 | Q63: Bộ môn Quản trị Hệ thống thông tin | R63: 2 | S63: 2 | U63: =_xlfn.XLOOKUP(B63,'Ke hoach giảng dạy CNTT'!D:D,'Ke hoach giảng dạy CNTT'!B:B) -> 2 | V63: =_xlfn.XLOOKUP(B63,'Ke hoach giảng dạy CNTT'!D:D,'Ke hoach giảng dạy CNTT'!C:C) -> 2
A64: =COUNTA($B$10:B64) -> 55 | B64: 71ITNW30303 | C64: An ninh Mạng máy tính | D64: Network Security | E64: 3 | F64: 30 | G64: 30 | H64: 0 | I64: 0 | J64: TC209 | K64: Không | L64: Không | M64: Kiến thức cơ sở ngành | O64: Chuyển từ TC Chuyên ngành lên TC CS ngành giúp cho SV nhiều lựa chọn | P64: 200110702 | Q64: Bộ môn Mạng máy tính & Internet vạn vật kết nối | R64: 2 | S64: 2 | U64: =_xlfn.XLOOKUP(B64,'Ke hoach giảng dạy CNTT'!D:D,'Ke hoach giảng dạy CNTT'!B:B) -> 2 | V64: =_xlfn.XLOOKUP(B64,'Ke hoach giảng dạy CNTT'!D:D,'Ke hoach giảng dạy CNTT'!C:C) -> 2
A65: =COUNTA($B$10:B65) -> 56 | B65: 71ITIS30303 | C65: Quản lý Dự án Công nghệ Thông tin | D65: IT Project Management | E65: 3 | F65: 30 | G65: 30 | H65: 0 | I65: 0 | J65: TC209 | K65: Không | L65: [71ITBS10103]Nhập môn công nghệ thông tin | M65: Kiến thức cơ sở ngành | O65: Chuyển từ TC Chuyên ngành lên TC CS ngành; Theo hướng quản lý | P65: 200110704 | Q65: Bộ môn Quản trị Hệ thống thông tin | R65: 2 | S65: 2 | U65: =_xlfn.XLOOKUP(B65,'Ke hoach giảng dạy CNTT'!D:D,'Ke hoach giảng dạy CNTT'!B:B) -> 2 | V65: =_xlfn.XLOOKUP(B65,'Ke hoach giảng dạy CNTT'!D:D,'Ke hoach giảng dạy CNTT'!C:C) -> 2
A66: =COUNTA($B$10:B66) -> 57 | B66: 71ITSE30903 | C66: Thiết kế giao diện người dùng | D66: User Interface Design | E66: 3 | F66: 30 | G66: 30 | H66: 0 | I66: 0 | J66: TC209 | K66: Không | L66: Không | M66: Kiến thức cơ sở ngành | O66: Chuyển từ TC Chuyên ngành lên TC CS ngành; Theo hướng lập trình Front-end | P66: 200110703 | Q66: Bộ môn Kỹ Thuật Phầm Mềm | R66: 3 | S66: 2 | U66: =_xlfn.XLOOKUP(B66,'Ke hoach giảng dạy CNTT'!D:D,'Ke hoach giảng dạy CNTT'!B:B) -> 3 | V66: =_xlfn.XLOOKUP(B66,'Ke hoach giảng dạy CNTT'!D:D,'Ke hoach giảng dạy CNTT'!C:C) -> 2
A67: =COUNTA($B$10:B67) -> 58 | B67: 71ITSE41003 | C67: Nhập môn Công nghệ phần mềm | D67: Introduction to Software Technology | E67: 3 | F67: 30 | G67: 30 | H67: 0 | I67: 0 | J67: BB | K67: Không | L67: [71ITBS10103]Nhập môn công nghệ thông tin | M67: Kiến thức chuyên ngành hoặc chuyên sâu | N67: Công nghệ Phần mềm | P67: 200110703 | Q67: Bộ môn Kỹ Thuật Phầm Mềm | R67: 3 | S67: 2 | U67: =_xlfn.XLOOKUP(B67,'Ke hoach giảng dạy CNTT'!D:D,'Ke hoach giảng dạy CNTT'!B:B) -> 3 | V67: =_xlfn.XLOOKUP(B67,'Ke hoach giảng dạy CNTT'!D:D,'Ke hoach giảng dạy CNTT'!C:C) -> 2
A68: =COUNTA($B$10:B68) -> 59 | B68: 71ITSE41103 | C68: Kỹ thuật lấy yêu cầu | D68: Requirements Engineering | E68: 3 | F68: 30 | G68: 30 | H68: 0 | I68: 0 | J68: BB | K68: Không | L68: [71ITSE41003]Nhập môn công nghệ phần mềm | M68: Kiến thức chuyên ngành hoặc chuyên sâu | N68: Công nghệ Phần mềm | P68: 200110703 | Q68: Bộ môn Kỹ Thuật Phầm Mềm | R68: 1 | S68: 3 | U68: =_xlfn.XLOOKUP(B68,'Ke hoach giảng dạy CNTT'!D:D,'Ke hoach giảng dạy CNTT'!B:B) -> 1 | V68: =_xlfn.XLOOKUP(B68,'Ke hoach giảng dạy CNTT'!D:D,'Ke hoach giảng dạy CNTT'!C:C) -> 3
A69: =COUNTA($B$10:B69) -> 60 | B69: 71ITSE41203 | C69: Kiểm thử phần mềm | D69: Software Testing | E69: 3 | F69: 30 | G69: 30 | H69: 0 | I69: 0 | J69: BB | K69: Không | L69: [71ITSE41003]Nhập môn công nghệ phần mềm | M69: Kiến thức chuyên ngành hoặc chuyên sâu | N69: Công nghệ Phần mềm | P69: 200110703 | Q69: Bộ môn Kỹ Thuật Phầm Mềm | R69: 1 | S69: 3 | U69: =_xlfn.XLOOKUP(B69,'Ke hoach giảng dạy CNTT'!D:D,'Ke hoach giảng dạy CNTT'!B:B) -> 1 | V69: =_xlfn.XLOOKUP(B69,'Ke hoach giảng dạy CNTT'!D:D,'Ke hoach giảng dạy CNTT'!C:C) -> 3
A70: =COUNTA($B$10:B70) -> 61 | B70: 71ITSE41303 | C70: Phân tích và thiết kế hệ thống theo Hướng đối tượng | D70: Object Oriented Analysis and Design | E70: 3 | F70: 30 | G70: 30 | H70: 0 | I70: 0 | J70: BB | K70: Không | L70: [71ITSE41103]Kỹ thuật lấy yêu cầu | M70: Kiến thức chuyên ngành hoặc chuyên sâu | N70: Công nghệ Phần mềm | P70: 200110703 | Q70: Bộ môn Kỹ Thuật Phầm Mềm | R70: 2 | S70: 3 | U70: =_xlfn.XLOOKUP(B70,'Ke hoach giảng dạy CNTT'!D:D,'Ke hoach giảng dạy CNTT'!B:B) -> 2 | V70: =_xlfn.XLOOKUP(B70,'Ke hoach giảng dạy CNTT'!D:D,'Ke hoach giảng dạy CNTT'!C:C) -> 3
A71: =COUNTA($B$10:B71) -> 62 | B71: 71ITSE41403 | C71: Lập trình Web nâng cao | D71: Advanced Web Programming | E71: 3 | F71: 30 | G71: 30 | H71: 0 | I71: 0 | J71: BB | K71: Không | L71: [71ITSE30503]Lập trình ứng dụng web | M71: Kiến thức chuyên ngành hoặc chuyên sâu | N71: Công nghệ Phần mềm | P71: 200110703 | Q71: Bộ môn Kỹ Thuật Phầm Mềm | R71: 2 | S71: 3 | U71: =_xlfn.XLOOKUP(B71,'Ke hoach giảng dạy CNTT'!D:D,'Ke hoach giảng dạy CNTT'!B:B) -> 2 | V71: =_xlfn.XLOOKUP(B71,'Ke hoach giảng dạy CNTT'!D:D,'Ke hoach giảng dạy CNTT'!C:C) -> 3
A72: =COUNTA($B$10:B72) -> 63 | B72: 71ITSE41503 | C72: Quản lý dự án phần mềm | D72: Software Project Management | E72: 3 | F72: 30 | G72: 30 | H72: 0 | I72: 0 | J72: BB | K72: Không | L72: [71ITSE41103]Kỹ thuật lấy yêu cầu | M72: Kiến thức chuyên ngành hoặc chuyên sâu | N72: Công nghệ Phần mềm | P72: 200110703 | Q72: Bộ môn Kỹ Thuật Phầm Mềm | R72: 2 | S72: 3 | U72: =_xlfn.XLOOKUP(B72,'Ke hoach giảng dạy CNTT'!D:D,'Ke hoach giảng dạy CNTT'!B:B) -> 2 | V72: =_xlfn.XLOOKUP(B72,'Ke hoach giảng dạy CNTT'!D:D,'Ke hoach giảng dạy CNTT'!C:C) -> 3
A73: =COUNTA($B$10:B73) -> 64 | B73: 71ITDS40303 | C73: Nhập môn Phân tích Dữ liệu lớn | D73: Introduction to BigData Analytics | E73: 3 | F73: 30 | G73: 30 | H73: 0 | I73: 0 | J73: BB | K73: Không | L73: Không | M73: Kiến thức chuyên ngành hoặc chuyên sâu | N73: Công nghệ Dữ liệu | P73: 200110701 | Q73: Bộ môn Khoa học dữ liệu | R73: 3 | S73: 2 | U73: =_xlfn.XLOOKUP(B73,'Ke hoach giảng dạy CNTT'!D:D,'Ke hoach giảng dạy CNTT'!B:B) -> 3 | V73: =_xlfn.XLOOKUP(B73,'Ke hoach giảng dạy CNTT'!D:D,'Ke hoach giảng dạy CNTT'!C:C) -> 2
A74: =COUNTA($B$10:B74) -> 65 | B74: 71ITAI40203 | C74: Nhập môn học máy | D74: Introduction to Machine Learning | E74: 3 | F74: 30 | G74: 30 | H74: 0 | I74: 0 | J74: BB | K74: Không | L74: [71ITDS40203]Xác xuất thống kê ứng dụng | M74: Kiến thức chuyên ngành hoặc chuyên sâu | N74: Công nghệ Dữ liệu | P74: 200110701 | Q74: Bộ môn Khoa học dữ liệu | R74: 1 | S74: 3 | U74: =_xlfn.XLOOKUP(B74,'Ke hoach giảng dạy CNTT'!D:D,'Ke hoach giảng dạy CNTT'!B:B) -> 1 | V74: =_xlfn.XLOOKUP(B74,'Ke hoach giảng dạy CNTT'!D:D,'Ke hoach giảng dạy CNTT'!C:C) -> 3
A75: =COUNTA($B$10:B75) -> 66 | B75: 71ITAI40303 | C75: Các hệ hỗ trợ ra quyết định | D75: Decision Support Systems | E75: 3 | F75: 30 | G75: 30 | H75: 0 | I75: 0 | J75: BB | K75: Không | L75: Không | M75: Kiến thức chuyên ngành hoặc chuyên sâu | N75: Công nghệ Dữ liệu | P75: 200110701 | Q75: Bộ môn Khoa học dữ liệu | R75: 1 | S75: 3 | U75: =_xlfn.XLOOKUP(B75,'Ke hoach giảng dạy CNTT'!D:D,'Ke hoach giảng dạy CNTT'!B:B) -> 1 | V75: =_xlfn.XLOOKUP(B75,'Ke hoach giảng dạy CNTT'!D:D,'Ke hoach giảng dạy CNTT'!C:C) -> 3
A76: =COUNTA($B$10:B76) -> 67 | B76: 71ITDS40403 | C76: Số hóa và quản trị thông tin số | D76: Information Digitization and Management | E76: 3 | F76: 30 | G76: 30 | H76: 0 | I76: 0 | J76: BB | K76: Không | L76: Không | M76: Kiến thức chuyên ngành hoặc chuyên sâu | N76: Công nghệ Dữ liệu | P76: 200110701 | Q76: Bộ môn Khoa học dữ liệu | R76: 2 | S76: 3 | U76: =_xlfn.XLOOKUP(B76,'Ke hoach giảng dạy CNTT'!D:D,'Ke hoach giảng dạy CNTT'!B:B) -> 2 | V76: =_xlfn.XLOOKUP(B76,'Ke hoach giảng dạy CNTT'!D:D,'Ke hoach giảng dạy CNTT'!C:C) -> 3
A77: =COUNTA($B$10:B77) -> 68 | B77: 71ITAI40903 | C77: Lập trình tính toán song song | D77: Parallel Computational Programming | E77: 3 | F77: 30 | G77: 30 | H77: 0 | I77: 0 | J77: BB | K77: Không | L77: [71ITSE30303]Cấu trúc dữ liệu và giải thuật | M77: Kiến thức chuyên ngành hoặc chuyên sâu | N77: Công nghệ Dữ liệu | P77: 200110701 | Q77: Bộ môn Khoa học dữ liệu | R77: 2 | S77: 3 | U77: =_xlfn.XLOOKUP(B77,'Ke hoach giảng dạy CNTT'!D:D,'Ke hoach giảng dạy CNTT'!B:B) -> 2 | V77: =_xlfn.XLOOKUP(B77,'Ke hoach giảng dạy CNTT'!D:D,'Ke hoach giảng dạy CNTT'!C:C) -> 3
A78: =COUNTA($B$10:B78) -> 69 | B78: 71ITDS40503 | C78: Mã hóa dữ liệu và chuỗi khối (Block chain) | D78: Data Encryption and Security | E78: 3 | F78: 30 | G78: 30 | H78: 0 | I78: 0 | J78: BB | K78: Không | L78: [71ITIS30103]Cơ sở dữ liệu | M78: Kiến thức chuyên ngành hoặc chuyên sâu | N78: Công nghệ Dữ liệu | P78: 200110701 | Q78: Bộ môn Khoa học dữ liệu | R78: 2 | S78: 3 | U78: =_xlfn.XLOOKUP(B78,'Ke hoach giảng dạy CNTT'!D:D,'Ke hoach giảng dạy CNTT'!B:B) -> 2 | V78: =_xlfn.XLOOKUP(B78,'Ke hoach giảng dạy CNTT'!D:D,'Ke hoach giảng dạy CNTT'!C:C) -> 3
... A92: =COUNTA($B$10:B92) -> 83 | B92: 71ITSE30603 | C92: Lập trình ứng dụng di động | D92: Mobile Application Programming | E92: 3 | F92: 30 | G92: 30 | H92: 0 | I92: 0 | J92: TC309 | K92: Không | L92: [71ITBS10203]Cơ sở lập trình | M92: Kiến thức chuyên ngành hoặc chuyên sâu | N92: Tự chọn Chuyên ngành | P92: 200110703 | Q92: Bộ môn Kỹ Thuật Phầm Mềm | R92: 3 | S92: 2 | U92: =_xlfn.XLOOKUP(B92,'Ke hoach giảng dạy CNTT'!D:D,'Ke hoach giảng dạy CNTT'!B:B) -> 1 | V92: =_xlfn.XLOOKUP(B92,'Ke hoach giảng dạy CNTT'!D:D,'Ke hoach giảng dạy CNTT'!C:C) -> 3
A93: =COUNTA($B$10:B93) -> 84 | B93: 71ITIN40304 | C93: Đồ án thực tập | D93: Internship Project | E93: 4 | F93: 0 | G93: 0 | H93: 0 | I93: 180 | J93: BB | K93: Không | L93: [71ITSE30103] Kỹ thuật lập trình | M93: Học kỳ doanh nghiệp | N93: 0 | R93: 3 | S93: 3 | U93: =_xlfn.XLOOKUP(B93,'Ke hoach giảng dạy CNTT'!D:D,'Ke hoach giảng dạy CNTT'!B:B) -> 3 | V93: =_xlfn.XLOOKUP(B93,'Ke hoach giảng dạy CNTT'!D:D,'Ke hoach giảng dạy CNTT'!C:C) -> 3
A94: =COUNTA($B$10:B94) -> 85 | B94: 71ITGR40206 | C94: Đồ án Tốt nghiệp | D94: Graduation Projects | E94: 6 | F94: 0 | G94: 0 | H94: 270 | I94: 0 | J94: TC406 | K94: Không | L94: Dựa theo quy định cụ thể của Khoa về Triển khai Học và làm ĐATN | M94: Khóa luận/đồ án tốt nghiệp; hoặc học phần thay thế KL/ĐA TN | N94: 0 | O94: Đổi tên môn --> đổi mã | R94: 1 | S94: 4 | U94: =_xlfn.XLOOKUP(B94,'Ke hoach giảng dạy CNTT'!D:D,'Ke hoach giảng dạy CNTT'!B:B) -> 1 | V94: =_xlfn.XLOOKUP(B94,'Ke hoach giảng dạy CNTT'!D:D,'Ke hoach giảng dạy CNTT'!C:C) -> 4
A95: =COUNTA($B$10:B95) -> 86 | B95: 71ITGR40203 | C95: Chuyên đề Tốt nghiệp 1 | D95: Specialized Graduation Topic I | E95: 3 | F95: 0 | G95: 0 | H95: 180 | J95: TC406 | K95: Không | L95: Dựa theo quy định cụ thể của Khoa về Triển khai Học và làm ĐATN | M95: Khóa luận/đồ án tốt nghiệp; hoặc học phần thay thế KL/ĐA TN | N95: Học phần thay thế Đồ án tốt nghiệp | O95: Bổ sung môn mới | Q95: Khoa CNTT | R95: 1 | S95: 4 | U95: =_xlfn.XLOOKUP(B95,'Ke hoach giảng dạy CNTT'!D:D,'Ke hoach giảng dạy CNTT'!B:B) -> 1 | V95: =_xlfn.XLOOKUP(B95,'Ke hoach giảng dạy CNTT'!D:D,'Ke hoach giảng dạy CNTT'!C:C) -> 4
A96: =COUNTA($B$10:B96) -> 87 | B96: 71ITGR40303 | C96: Chuyên đề Tốt nghiệp 2 | D96: Specialized Graduation Topic II | E96: 3 | F96: 0 | G96: 0 | H96: 180 | J96: TC406 | K96: Không | L96: Dựa theo quy định cụ thể của Khoa về Triển khai Học và làm ĐATN | M96: Khóa luận/đồ án tốt nghiệp; hoặc học phần thay thế KL/ĐA TN | N96: Học phần thay thế Đồ án tốt nghiệp | O96: Bổ sung môn mới | Q96: Khoa CNTT | R96: 1 | S96: 4 | U96: =_xlfn.XLOOKUP(B96,'Ke hoach giảng dạy CNTT'!D:D,'Ke hoach giảng dạy CNTT'!B:B) -> 1 | V96: =_xlfn.XLOOKUP(B96,'Ke hoach giảng dạy CNTT'!D:D,'Ke hoach giảng dạy CNTT'!C:C) -> 4
O99: TP. Hồ Chí Minh, ngày 19 tháng 01 năm 2025
O100: TRƯỞNG KHOA
O105: GS. TS. VÕ NGUYỄN QUỐC BẢO

Sheet CTĐT_CNTT_K30 (2025 Mẫu Khoa)
A2: TRƯỜNG ĐẠI HỌC VĂN LANG
A3: KHOA CÔNG NGHỆ THÔNG TIN
A5: KHUNG CHƯƠNG TRÌNH ĐÀO TẠO NGÀNH CÔNG NGHỆ THÔNG TIN KHÓA 30
A7: Tổng tín chỉ của CTĐT: 126 tín chỉ
E8: =E10+E53 -> 126
A9: TT | B9: Mã học phần | C9: Tên học phần tiếng Việt | D9: Tên học phần tiếng Anh | E9: Số tín chỉ | F9: LT | G9: TH | H9: ĐA | I9: TT | J9: BB/TC | K9: Điều kiện tiên quyết | L9: Điều kiện học trước | M9: Khối kiến thức | N9: Tên chuyên ngành/chuyên sâu | O9: Ghi chú | P9: Mã BM | Q9: BM phụ trách | R9: Học kỳ | S9: Năm thứ
A10: Khối kiến thức: I. Kiến thức giáo dục đại cương | E10: =E11+E17+E23 -> 46 | F10: TC
A11: Khối kiến thức: I. Kiến thức giáo dục đại cương | E11: =SUM(E12:E16) -> 14 | F11: TC
A12: =COUNTA($B$12:B12) -> 1 | B12: 71LAWG10012 | C12: Pháp luật đại cương | D12: General Law | E12: 2 | F12: 30 | G12: 0 | H12: 0 | J12: BB | K12: Không | L12: Không | M12: Đại cương | P12: 200110201 | Q12: Bộ Môn Luật Hành chính - Nhà nước | R12: 1 | S12: 3 | W12: =_xlfn.XLOOKUP(B12,[2]Sheet!$C$10:$C$107,[2]Sheet!$K$10:$K$107) -> 0 | X12: =IF(W12=0,"Không",W12) -> Không
A13: =COUNTA($B$12:B13) -> 2 | B13: 71ENVH10012 | C13: Môi trường và con người | E13: 2 | F13: 30 | G13: 0 | H13: 0 | J13: BB | K13: Không | L13: Không | M13: Đại cương | P13: 200111302 | Q13: Bộ môn Công nghệ kỹ thuật môi trường | R13: 1 | S13: 3 | W13: =_xlfn.XLOOKUP(B13,[2]Sheet!$C$10:$C$107,[2]Sheet!$K$10:$K$107) -> 0 | X13: =IF(W13=0,"Không",W13) -> Không
A14: =COUNTA($B$12:B14) -> 3 | B14: 71ITMA10104 | C14: Toán cao cấp và ứng dụng | D14: Advanced Calculus | E14: 4 | F14: 45 | G14: 30 | H14: 0 | J14: BB | K14: Không | L14: Không | M14: Đại cương | P14: 200110701 | Q14: Bộ môn Khoa học dữ liệu | R14: 2 | S14: 1 | W14: =_xlfn.XLOOKUP(B14,[2]Sheet!$C$10:$C$107,[2]Sheet!$K$10:$K$107) -> 0 | X14: =IF(W14=0,"Không",W14) -> Không
A15: =COUNTA($B$12:B15) -> 4 | B15: 71MATL10053 | C15: Đại số tuyến tính và ứng dụng | D15: Linear Algebra | E15: 3 | F15: 30 | G15: 30 | H15: 0 | J15: BB | K15: Không | L15: Không | M15: Đại cương | P15: 200110701 | Q15: Bộ môn Khoa học dữ liệu | R15: 3 | S15: 1 | W15: =_xlfn.XLOOKUP(B15,[2]Sheet!$C$10:$C$107,[2]Sheet!$K$10:$K$107) -> 0 | X15: =IF(W15=0,"Không",W15) -> Không
A16: =COUNTA($B$12:B16) -> 5 | B16: 71SSK110023 | C16: Kỹ năng công dân toàn cầu | E16: 3 | F16: 45 | G16: 0 | H16: 0 | J16: BB | K16: Không | L16: Không | M16: Đại cương | P16: 2001206 | Q16: Trung tâm Phát triển năng lực sinh viên | R16: 1 | S16: 1 | W16: =_xlfn.XLOOKUP(B16,[2]Sheet!$C$10:$C$107,[2]Sheet!$K$10:$K$107) -> 0 | X16: =IF(W16=0,"Không",W16) -> Không
A17: Khối kiến thức: I.1. Lý luận chính trị | E17: =SUM(E18:E22) -> 11 | F17: TC | W17: =_xlfn.XLOOKUP(B17,[2]Sheet!$C$10:$C$107,[2]Sheet!$K$10:$K$107) -> 0 | X17: =IF(W17=0,"Không",W17) -> Không
A18: 1 | B18: 71POLP10013 | C18: Triết học Mác-Lênin | D18: Philosophy of Marxism and Leninism | E18: 3 | F18: 45 | G18: 0 | H18: 0 | J18: BB | K18: Không | L18: Không | M18: Lý luận chính trị | P18: 200111206 | Q18: Bộ môn Triết học và Chủ nghĩa XHKH | R18: 2 | S18: 1 | W18: =_xlfn.XLOOKUP(B18,[2]Sheet!$C$10:$C$107,[2]Sheet!$K$10:$K$107) -> 0 | X18: =IF(W18=0,"Không",W18) -> Không
A19: 2 | B19: 71POLE10022 | C19: Kinh tế chính trị Mác-Lênin | D19: Marxist – Leninist Political Economy | E19: 2 | F19: 30 | G19: 0 | H19: 0 | J19: BB | K19: Không | L19: [71POLP10013]Triết học Mác-Lênin | M19: Lý luận chính trị | P19: 200111208 | Q19: Bộ môn Kinh tế chính trị Mác - Lênin | R19: 3 | S19: 1 | W19: =_xlfn.XLOOKUP(B19,[2]Sheet!$C$10:$C$107,[2]Sheet!$K$10:$K$107) -> [71POLP10013]Triết học Mác-Lênin | X19: =IF(W19=0,"Không",W19) -> [71POLP10013]Triết học Mác-Lênin
A20: 3 | B20: 71POLS10032 | C20: Chủ nghĩa xã hội khoa học | D20: Scientific Socialism | E20: 2 | F20: 30 | G20: 0 | H20: 0 | J20: BB | K20: Không | L20: [71POLP10013]Triết học Mác-Lênin | M20: Lý luận chính trị | P20: 200111206 | Q20: Bộ môn Triết học và Chủ nghĩa XHKH | R20: 1 | S20: 2 | W20: =_xlfn.XLOOKUP(B20,[2]Sheet!$C$10:$C$107,[2]Sheet!$K$10:$K$107) -> [71POLP10013]Triết học Mác-Lênin | X20: =IF(W20=0,"Không",W20) -> [71POLP10013]Triết học Mác-Lênin
A21: 4 | B21: 71POLH10042 | C21: Tư tưởng Hồ Chí Minh | D21: Ho Chi Minh's Thought | E21: 2 | F21: 30 | G21: 0 | H21: 0 | J21: BB | K21: Không | L21: [71POLE10022]Kinh tế chính trị Mác-Lênin, [71POLS10032]Chủ nghĩa xã hội khoa học | M21: Lý luận chính trị | P21: 200111207 | Q21: Bộ môn Lịch sử Đảng CSVN và Tư tưởng HCM | R21: 2 | S21: 2 | W21: =_xlfn.XLOOKUP(B21,[2]Sheet!$C$10:$C$107,[2]Sheet!$K$10:$K$107) -> [71POLE10022]Kinh tế chính trị Mác-Lênin, [71POLS10032]Chủ nghĩa xã hội khoa học | X21: =IF(W21=0,"Không",W21) -> [71POLE10022]Kinh tế chính trị Mác-Lênin, [71POLS10032]Chủ nghĩa xã hội khoa học
A22: 5 | B22: 71POLC10052 | C22: Lịch sử Đảng Cộng sản Việt Nam | D22: History of Vietnamese Communist Party | E22: 2 | F22: 30 | G22: 0 | H22: 0 | J22: BB | K22: Không | L22: [71POLE10022]Kinh tế chính trị Mác-Lênin, [71POLS10032]Chủ nghĩa xã hội khoa học | M22: Lý luận chính trị | P22: 200111207 | Q22: Bộ môn Lịch sử Đảng CSVN và Tư tưởng HCM | R22: 3 | S22: 2 | W22: =_xlfn.XLOOKUP(B22,[2]Sheet!$C$10:$C$107,[2]Sheet!$K$10:$K$107) -> [71POLE10022]Kinh tế chính trị Mác-Lênin, [71POLS10032]Chủ nghĩa xã hội khoa học | X22: =IF(W22=0,"Không",W22) -> [71POLE10022]Kinh tế chính trị Mác-Lênin, [71POLS10032]Chủ nghĩa xã hội khoa học
A23: Khối kiến thức: I.2. Ngoại ngữ | E23: =SUM(E24:E30) -> 21 | F23: TC | W23: =_xlfn.XLOOKUP(B23,[2]Sheet!$C$10:$C$107,[2]Sheet!$K$10:$K$107) -> 0 | X23: =IF(W23=0,"Không",W23) -> Không
A24: 1 | B24: 71ENG110013 | C24: Anh văn 1 (AV1) | D24: English 1 | E24: 3 | F24: 30 | G24: 30 | H24: 0 | J24: BB | K24: [71ENG010012]Anh văn dự bị (AV0) | L24: Không | M24: Ngoại ngữ | P24: 200112601 | Q24: Bộ môn Anh văn tổng quát | R24: 1 | S24: 1 | W24: =_xlfn.XLOOKUP(B24,[2]Sheet!$C$10:$C$107,[2]Sheet!$K$10:$K$107) -> 0 | X24: =IF(W24=0,"Không",W24) -> Không
A25: 2 | B25: 71ENG210023 | C25: Anh văn 2 (AV2) | D25: English 2 | E25: 3 | F25: 30 | G25: 30 | H25: 0 | J25: BB | K25: [71ENG110013]Anh văn 1 (AV1) | L25: Không | M25: Ngoại ngữ | P25: 200112601 | Q25: Bộ môn Anh văn tổng quát | R25: 2 | S25: 1 | W25: =_xlfn.XLOOKUP(B25,[2]Sheet!$C$10:$C$107,[2]Sheet!$K$10:$K$107) -> 0 | X25: =IF(W25=0,"Không",W25) -> Không
A26: 3 | B26: 71ENG310033 | C26: Anh văn 3 (AV3) | D26: English 3 | E26: 3 | F26: 30 | G26: 30 | H26: 0 | J26: BB | K26: [71ENG210023]Anh văn 2 (AV2) | L26: Không | M26: Ngoại ngữ | P26: 200112601 | Q26: Bộ môn Anh văn tổng quát | R26: 3 | S26: 1 | W26: =_xlfn.XLOOKUP(B26,[2]Sheet!$C$10:$C$107,[2]Sheet!$K$10:$K$107) -> 0 | X26: =IF(W26=0,"Không",W26) -> Không
A27: 4 | B27: 71ENG410043 | C27: Anh văn 4 (AV4) | D27: English 4 | E27: 3 | F27: 30 | G27: 30 | H27: 0 | J27: BB | K27: [71ENG310033]Anh văn 3 (AV3) | L27: Không | M27: Ngoại ngữ | P27: 200112601 | Q27: Bộ môn Anh văn tổng quát | R27: 1 | S27: 2 | W27: =_xlfn.XLOOKUP(B27,[2]Sheet!$C$10:$C$107,[2]Sheet!$K$10:$K$107) -> 0 | X27: =IF(W27=0,"Không",W27) -> Không
A28: 5 | B28: 71ENG510053 | C28: Anh văn 5 (AV5) | D28: English 5 | E28: 3 | F28: 30 | G28: 30 | H28: 0 | J28: BB | K28: [71ENG410043]Anh văn 4 (AV4) | L28: Không | M28: Ngoại ngữ | P28: 200112601 | Q28: Bộ môn Anh văn tổng quát | R28: 2 | S28: 2 | W28: =_xlfn.XLOOKUP(B28,[2]Sheet!$C$10:$C$107,[2]Sheet!$K$10:$K$107) -> 0 | X28: =IF(W28=0,"Không",W28) -> Không
A29: 6 | B29: 71ENG610063 | C29: Anh văn 6 (AV6) | D29: English 6 | E29: 3 | F29: 45 | G29: 0 | H29: 0 | J29: BB | K29: [71ENG510053]Anh văn 5 (AV5) | L29: Không | M29: Ngoại ngữ | P29: 200112601 | Q29: Bộ môn Anh văn tổng quát | R29: 3 | S29: 2 | W29: =_xlfn.XLOOKUP(B29,[2]Sheet!$C$10:$C$107,[2]Sheet!$K$10:$K$107) -> 0 | X29: =IF(W29=0,"Không",W29) -> Không
A30: 7 | B30: 71ENG710073 | C30: Anh văn 7 (AV7) | D30: English 7 | E30: 3 | F30: 45 | G30: 0 | H30: 0 | J30: BB | K30: [71ENG610063]Anh văn 6 (AV6) | L30: Không | M30: Ngoại ngữ | P30: 200112601 | Q30: Bộ môn Anh văn tổng quát | R30: 1 | S30: 3 | W30: =_xlfn.XLOOKUP(B30,[2]Sheet!$C$10:$C$107,[2]Sheet!$K$10:$K$107) -> 0 | X30: =IF(W30=0,"Không",W30) -> Không
A31: Khối kiến thức: I.6. Giáo dục thể chất và giáo dục quốc phòng | W31: =_xlfn.XLOOKUP(B31,[2]Sheet!$C$10:$C$107,[2]Sheet!$K$10:$K$107) -> 0 | X31: =IF(W31=0,"Không",W31) -> Không
A32: 1 | B32: 71PEKC10062 | C32: Cờ vua | E32: 2 | F32: 45 | G32: 60 | H32: 0 | J32: TC002 (2TC) | K32: Không | L32: Không | M32: Giáo dục thể chất và giáo dục quốc phòng | P32: 200113501 | Q32: Bộ môn Giáo dục thể chất | R32: 2 | S32: 1 | W32: =_xlfn.XLOOKUP(B32,[2]Sheet!$C$10:$C$107,[2]Sheet!$K$10:$K$107) -> 0 | X32: =IF(W32=0,"Không",W32) -> Không
A33: 2 | B33: 71PESW10042 | C33: Bơi lội | E33: 2 | F33: 45 | G33: 60 | H33: 0 | J33: TC002 (2TC) | K33: Không | L33: Không | M33: Giáo dục thể chất và giáo dục quốc phòng | P33: 200113501 | Q33: Bộ môn Giáo dục thể chất | R33: 2 | S33: 1 | W33: =_xlfn.XLOOKUP(B33,[2]Sheet!$C$10:$C$107,[2]Sheet!$K$10:$K$107) -> 0 | X33: =IF(W33=0,"Không",W33) -> Không
A34: 3 | B34: 71PEYO10142 | C34: Hatha yoga | E34: 2 | F34: 45 | G34: 8 | H34: 0 | J34: TC002 (2TC) | K34: Không | L34: Không | M34: Giáo dục thể chất và giáo dục quốc phòng | P34: 200113501 | Q34: Bộ môn Giáo dục thể chất | R34: 2 | S34: 1 | W34: =_xlfn.XLOOKUP(B34,[2]Sheet!$C$10:$C$107,[2]Sheet!$K$10:$K$107) -> 0 | X34: =IF(W34=0,"Không",W34) -> Không
A35: 4 | B35: 71PEKC10172 | C35: Cờ vua nâng cao | E35: 2 | F35: 45 | G35: 8 | H35: 0 | J35: TC102 (2TC) | K35: Không | L35: [71PEKC10062]Cờ vua | M35: Giáo dục thể chất và giáo dục quốc phòng | P35: 200113501 | Q35: Bộ môn Giáo dục thể chất | R35: 3 | S35: 1 | W35: =_xlfn.XLOOKUP(B35,[2]Sheet!$C$10:$C$107,[2]Sheet!$K$10:$K$107) -> [71PEKC10062]Cờ vua | X35: =IF(W35=0,"Không",W35) -> [71PEKC10062]Cờ vua
A36: 5 | B36: 71PEBA10052 | C36: Cầu lông | E36: 2 | F36: 45 | G36: 16 | H36: 0 | J36: TC102 (2TC) | K36: Không | L36: Không | M36: Giáo dục thể chất và giáo dục quốc phòng | P36: 200113501 | Q36: Bộ môn Giáo dục thể chất | R36: 3 | S36: 1 | W36: =_xlfn.XLOOKUP(B36,[2]Sheet!$C$10:$C$107,[2]Sheet!$K$10:$K$107) -> 0 | X36: =IF(W36=0,"Không",W36) -> Không
A37: 6 | B37: 71PEBB10032 | C37: Bóng rổ | E37: 2 | F37: 45 | J37: TC102 (2TC) | K37: Không | L37: Không | M37: Giáo dục thể chất và giáo dục quốc phòng | P37: 200113501 | Q37: Bộ môn Giáo dục thể chất | R37: 3 | S37: 1 | W37: =_xlfn.XLOOKUP(B37,[2]Sheet!$C$10:$C$107,[2]Sheet!$K$10:$K$107) -> 0 | X37: =IF(W37=0,"Không",W37) -> Không
A38: 7 | B38: 71PEDA10102 | C38: Khiêu vũ | E38: 2 | F38: 45 | J38: TC102 (2TC) | K38: Không | L38: Không | M38: Giáo dục thể chất và giáo dục quốc phòng | P38: 200113501 | Q38: Bộ môn Giáo dục thể chất | R38: 3 | S38: 1 | W38: =_xlfn.XLOOKUP(B38,[2]Sheet!$C$10:$C$107,[2]Sheet!$K$10:$K$107) -> 0 | X38: =IF(W38=0,"Không",W38) -> Không
A39: 8 | B39: 71PEFI10072 | C39: Fitness | E39: 2 | F39: 45 | J39: TC102 (2TC) | K39: Không | L39: Không | M39: Giáo dục thể chất và giáo dục quốc phòng | P39: 200113501 | Q39: Bộ môn Giáo dục thể chất | R39: 3 | S39: 1 | W39: =_xlfn.XLOOKUP(B39,[2]Sheet!$C$10:$C$107,[2]Sheet!$K$10:$K$107) -> 0 | X39: =IF(W39=0,"Không",W39) -> Không
A40: 9 | B40: 71PEFU10082 | C40: Futsal | E40: 2 | F40: 45 | J40: TC102 (2TC) | K40: Không | L40: Không | M40: Giáo dục thể chất và giáo dục quốc phòng | P40: 200113501 | Q40: Bộ môn Giáo dục thể chất | R40: 3 | S40: 1 | W40: =_xlfn.XLOOKUP(B40,[2]Sheet!$C$10:$C$107,[2]Sheet!$K$10:$K$107) -> 0 | X40: =IF(W40=0,"Không",W40) -> Không
A41: 10 | B41: 71PEGO10092 | C41: Golf | E41: 2 | F41: 45 | J41: TC102 (2TC) | K41: Không | L41: Không | M41: Giáo dục thể chất và giáo dục quốc phòng | P41: 200113501 | Q41: Bộ môn Giáo dục thể chất | R41: 3 | S41: 1 | W41: =_xlfn.XLOOKUP(B41,[2]Sheet!$C$10:$C$107,[2]Sheet!$K$10:$K$107) -> 0 | X41: =IF(W41=0,"Không",W41) -> Không
A42: 11 | B42: 71PEMA10132 | C42: Võ thuật | E42: 2 | F42: 45 | J42: TC102 (2TC) | K42: Không | L42: Không | M42: Giáo dục thể chất và giáo dục quốc phòng | P42: 200113501 | Q42: Bộ môn Giáo dục thể chất | R42: 3 | S42: 1 | W42: =_xlfn.XLOOKUP(B42,[2]Sheet!$C$10:$C$107,[2]Sheet!$K$10:$K$107) -> 0 | X42: =IF(W42=0,"Không",W42) -> Không
A43: 12 | B43: 71PEMT10152 | C43: Marathon | E43: 2 | F43: 45 | J43: TC102 (2TC) | K43: Không | L43: Không | M43: Giáo dục thể chất và giáo dục quốc phòng | P43: 200113501 | Q43: Bộ môn Giáo dục thể chất | R43: 3 | S43: 1 | W43: =_xlfn.XLOOKUP(B43,[2]Sheet!$C$10:$C$107,[2]Sheet!$K$10:$K$107) -> 0 | X43: =IF(W43=0,"Không",W43) -> Không
A44: 13 | B44: 71PESC10112 | C44: Leo núi thể thao | E44: 2 | F44: 45 | J44: TC102 (2TC) | K44: Không | L44: Không | M44: Giáo dục thể chất và giáo dục quốc phòng | P44: 200113501 | Q44: Bộ môn Giáo dục thể chất | R44: 3 | S44: 1 | W44: =_xlfn.XLOOKUP(B44,[2]Sheet!$C$10:$C$107,[2]Sheet!$K$10:$K$107) -> 0 | X44: =IF(W44=0,"Không",W44) -> Không
A45: 14 | B45: 71PESS10162 | C45: Bắn súng thể thao | E45: 2 | F45: 45 | J45: TC102 (2TC) | K45: Không | L45: Không | M45: Giáo dục thể chất và giáo dục quốc phòng | P45: 200113501 | Q45: Bộ môn Giáo dục thể chất | R45: 3 | S45: 1 | W45: =_xlfn.XLOOKUP(B45,[2]Sheet!$C$10:$C$107,[2]Sheet!$K$10:$K$107) -> 0 | X45: =IF(W45=0,"Không",W45) -> Không
A46: 15 | B46: 71PETE10122 | C46: Tennis | E46: 2 | F46: 45 | J46: TC102 (2TC) | K46: Không | L46: Không | M46: Giáo dục thể chất và giáo dục quốc phòng | P46: 200113501 | Q46: Bộ môn Giáo dục thể chất | R46: 3 | S46: 1 | W46: =_xlfn.XLOOKUP(B46,[2]Sheet!$C$10:$C$107,[2]Sheet!$K$10:$K$107) -> 0 | X46: =IF(W46=0,"Không",W46) -> Không
A47: 16 | B47: 71PETT10012 | C47: Bóng bàn | E47: 2 | F47: 45 | J47: TC102 (2TC) | K47: Không | L47: Không | M47: Giáo dục thể chất và giáo dục quốc phòng | P47: 200113501 | Q47: Bộ môn Giáo dục thể chất | R47: 3 | S47: 1 | W47: =_xlfn.XLOOKUP(B47,[2]Sheet!$C$10:$C$107,[2]Sheet!$K$10:$K$107) -> 0 | X47: =IF(W47=0,"Không",W47) -> Không
A48: 17 | B48: 71PEVB10022 | C48: Bóng chuyền | E48: 2 | F48: 45 | J48: TC102 (2TC) | K48: Không | L48: Không | M48: Giáo dục thể chất và giáo dục quốc phòng | P48: 200113501 | Q48: Bộ môn Giáo dục thể chất | R48: 3 | S48: 1 | W48: =_xlfn.XLOOKUP(B48,[2]Sheet!$C$10:$C$107,[2]Sheet!$K$10:$K$107) -> 0 | X48: =IF(W48=0,"Không",W48) -> Không
A49: 18 | B49: 71NAD110013 | C49: GDQP1: Đường lối QP và AN của ĐCSVN | E49: 3 | J49: BBKTL | M49: Giáo dục thể chất và giáo dục quốc phòng | P49: 200113301 | Q49: Bộ môn Giáo dục quốc phòng và an ninh | R49: 1 | S49: 1 | W49: =_xlfn.XLOOKUP(B49,[2]Sheet!$C$10:$C$107,[2]Sheet!$K$10:$K$107) -> 0 | X49: =IF(W49=0,"Không",W49) -> Không
A50: 19 | B50: 71NAD210022 | C50: GDQP2: Công tác quốc phòng và an ninh | E50: 2 | J50: BBKTL | M50: Giáo dục thể chất và giáo dục quốc phòng | P50: 200113301 | Q50: Bộ môn Giáo dục quốc phòng và an ninh | R50: 1 | S50: 1 | W50: =_xlfn.XLOOKUP(B50,[2]Sheet!$C$10:$C$107,[2]Sheet!$K$10:$K$107) -> 0 | X50: =IF(W50=0,"Không",W50) -> Không
A51: 20 | B51: 71NAD310032 | C51: GDQP3: Quân sự chung | E51: 2 | J51: BBKTL | M51: Giáo dục thể chất và giáo dục quốc phòng | P51: 200113301 | Q51: Bộ môn Giáo dục quốc phòng và an ninh | R51: 1 | S51: 1 | W51: =_xlfn.XLOOKUP(B51,[2]Sheet!$C$10:$C$107,[2]Sheet!$K$10:$K$107) -> 0 | X51: =IF(W51=0,"Không",W51) -> Không
A52: 21 | B52: 71NAD410044 | C52: GDQP4: Kỹ thuật chiến đấu bộ binh và chiến thuật | E52: 4 | J52: BBKTL | M52: Giáo dục thể chất và giáo dục quốc phòng | P52: 200113301 | Q52: Bộ môn Giáo dục quốc phòng và an ninh | R52: 1 | S52: 1 | W52: =_xlfn.XLOOKUP(B52,[2]Sheet!$C$10:$C$107,[2]Sheet!$K$10:$K$107) -> 0 | X52: =IF(W52=0,"Không",W52) -> Không
A53: Khối kiến thức: II. Kiến thức giáo dục chuyên nghiệp | E53: =SUM(E54,E62,E75,E108,E110) -> 80 | F53: TC | W53: =_xlfn.XLOOKUP(B53,[2]Sheet!$C$10:$C$107,[2]Sheet!$K$10:$K$107) -> 0 | X53: =IF(W53=0,"Không",W53) -> Không
A54: Khối kiến thức: II.1. Kiến thức cơ sở khối ngành | E54: =SUM(E55:E61) -> 22 | F54: TC | W54: =_xlfn.XLOOKUP(B54,[2]Sheet!$C$10:$C$107,[2]Sheet!$K$10:$K$107) -> 0 | X54: =IF(W54=0,"Không",W54) -> Không
A55: 1 | B55: 71ITBS10103 | C55: Nhập môn Công nghệ thông tin | D55: Introduction to Information Technology | E55: 3 | F55: 30 | G55: 30 | H55: 0 | I55: 0 | J55: BB | K55: Không | L55: Không | M55: Kiến thức cơ sở khối ngành | P55: 200110704 | Q55: Bộ môn Quản trị Hệ thống thông tin | R55: 1 | S55: 1 | U55: =_xlfn.XLOOKUP(B55,'Ke hoach giảng dạy CNTT'!D:D,'Ke hoach giảng dạy CNTT'!B:B) -> 1 | V55: =_xlfn.XLOOKUP(B55,'Ke hoach giảng dạy CNTT'!D:D,'Ke hoach giảng dạy CNTT'!C:C) -> 1 | W55: =_xlfn.XLOOKUP(B55,[2]Sheet!$C$10:$C$107,[2]Sheet!$K$10:$K$107) -> 0 | X55: =IF(W55=0,"Không",W55) -> Không
A56: 2 | B56: 71ITBS10203 | C56: Cơ sở lập trình | D56: Programming Basics | E56: 3 | F56: 30 | G56: 30 | H56: 0 | I56: 0 | J56: BB | K56: Không | L56: Không | M56: Kiến thức cơ sở khối ngành | P56: 200110704 | Q56: Bộ môn Quản trị Hệ thống thông tin | R56: 1 | S56: 1 | U56: =_xlfn.XLOOKUP(B56,'Ke hoach giảng dạy CNTT'!D:D,'Ke hoach giảng dạy CNTT'!B:B) -> 1 | V56: =_xlfn.XLOOKUP(B56,'Ke hoach giảng dạy CNTT'!D:D,'Ke hoach giảng dạy CNTT'!C:C) -> 1 | W56: =_xlfn.XLOOKUP(B56,[2]Sheet!$C$10:$C$107,[2]Sheet!$K$10:$K$107) -> 0 | X56: =IF(W56=0,"Không",W56) -> Không
A57: 3 | B57: 71ITIS30103 | C57: Cơ sở dữ liệu | D57: Databases | E57: 3 | F57: 30 | G57: 30 | H57: 0 | I57: 0 | J57: BB | K57: Không | L57: Không | M57: Kiến thức cơ sở khối ngành | P57: 200110704 | Q57: Bộ môn Quản trị Hệ thống thông tin | R57: 3 | S57: 1 | U57: =_xlfn.XLOOKUP(B57,'Ke hoach giảng dạy CNTT'!D:D,'Ke hoach giảng dạy CNTT'!B:B) -> 3 | V57: =_xlfn.XLOOKUP(B57,'Ke hoach giảng dạy CNTT'!D:D,'Ke hoach giảng dạy CNTT'!C:C) -> 1 | W57: =_xlfn.XLOOKUP(B57,[2]Sheet!$C$10:$C$107,[2]Sheet!$K$10:$K$107) -> 0 | X57: =IF(W57=0,"Không",W57) -> Không
A58: 4 | B58: 71ITNW30103 | C58: Nhập môn Mạng máy tính và điện toán đám mây | D58: Introduction to Computer Networks and Cloud Computing | E58: 3 | F58: 30 | G58: 30 | H58: 0 | I58: 0 | J58: BB | K58: Không | L58: Không | M58: Kiến thức cơ sở khối ngành | P58: 200110702 | Q58: Bộ môn Mạng máy tính & Internet vạn vật kết nối | R58: 2 | S58: 1 | U58: =_xlfn.XLOOKUP(B58,'Ke hoach giảng dạy CNTT'!D:D,'Ke hoach giảng dạy CNTT'!B:B) -> 2 | V58: =_xlfn.XLOOKUP(B58,'Ke hoach giảng dạy CNTT'!D:D,'Ke hoach giảng dạy CNTT'!C:C) -> 1 | W58: =_xlfn.XLOOKUP(B58,[2]Sheet!$C$10:$C$107,[2]Sheet!$K$10:$K$107) -> 0 | X58: =IF(W58=0,"Không",W58) -> Không
A59: 5 | B59: 71ITSE30303 | C59: Cấu trúc dữ liệu và giải thuật | D59: Data Structures and Algorithms | E59: 3 | F59: 30 | G59: 30 | H59: 0 | I59: 0 | J59: BB | K59: Không | L59: [71ITBS10203]Cơ sở lập trình | M59: Kiến thức cơ sở khối ngành | P59: 200110701 | Q59: Bộ môn Khoa học dữ liệu | R59: 3 | S59: 1 | U59: =_xlfn.XLOOKUP(B59,'Ke hoach giảng dạy CNTT'!D:D,'Ke hoach giảng dạy CNTT'!B:B) -> 3 | V59: =_xlfn.XLOOKUP(B59,'Ke hoach giảng dạy CNTT'!D:D,'Ke hoach giảng dạy CNTT'!C:C) -> 1 | W59: =_xlfn.XLOOKUP(B59,[2]Sheet!$C$10:$C$107,[2]Sheet!$K$10:$K$107) -> [71ITBS10203]Cơ sở lập trình | X59: =IF(W59=0,"Không",W59) -> [71ITBS10203]Cơ sở lập trình
A60: 6 | B60: 71ITMA10403 | C60: Toán rời rạc | D60: Discrete Mathematics | E60: 4 | F60: 45 | G60: 30 | H60: 0 | I60: 0 | J60: BB | K60: Không | L60: [71ITMA10104]Toán cao cấp và ứng dụng | M60: Kiến thức cơ sở khối ngành | O60: Đổi mã cho đúng quy định | P60: 200110701 | Q60: Bộ môn Khoa học dữ liệu | R60: 1 | S60: 2 | U60: =_xlfn.XLOOKUP(B60,'Ke hoach giảng dạy CNTT'!D:D,'Ke hoach giảng dạy CNTT'!B:B) -> 1 | V60: =_xlfn.XLOOKUP(B60,'Ke hoach giảng dạy CNTT'!D:D,'Ke hoach giảng dạy CNTT'!C:C) -> 2 | W60: =_xlfn.XLOOKUP(B60,[2]Sheet!$C$10:$C$107,[2]Sheet!$K$10:$K$107) -> [71ITMA10104]Toán cao cấp và ứng dụng | X60: =IF(W60=0,"Không",W60) -> [71ITMA10104]Toán cao cấp và ứng dụng
A61: 7 | B61: 71ITSE30103 | C61: Kỹ thuật lập trình | D61: Programming Techniques | E61: 3 | F61: 30 | G61: 30 | H61: 0 | I61: 0 | J61: BB | K61: Không | L61: [71ITBS10203]Cơ sở lập trình | M61: Kiến thức cơ sở khối ngành | P61: 200110703 | Q61: Bộ môn Kỹ Thuật Phầm Mềm | R61: 2 | S61: 1 | U61: =_xlfn.XLOOKUP(B61,'Ke hoach giảng dạy CNTT'!D:D,'Ke hoach giảng dạy CNTT'!B:B) -> 2 | V61: =_xlfn.XLOOKUP(B61,'Ke hoach giảng dạy CNTT'!D:D,'Ke hoach giảng dạy CNTT'!C:C) -> 1 | W61: =_xlfn.XLOOKUP(B61,[2]Sheet!$C$10:$C$107,[2]Sheet!$K$10:$K$107) -> [71ITBS10203]Cơ sở lập trình | X61: =IF(W61=0,"Không",W61) -> [71ITBS10203]Cơ sở lập trình
A62: Khối kiến thức: II.2. Kiến thức cơ sở ngành | E62: =SUM(E63:E66)+9 -> 21 | F62: TC | W62: =_xlfn.XLOOKUP(B62,[2]Sheet!$C$10:$C$107,[2]Sheet!$K$10:$K$107) -> 0 | X62: =IF(W62=0,"Không",W62) -> Không
A63: 1 | B63: 71ITSE30203 | C63: Lập trình hướng đối tượng | D63: Object-Oriented Programming | E63: 3 | F63: 30 | G63: 30 | H63: 0 | I63: 0 | J63: BB | K63: Không | L63: [71ITBS10203]Cơ sở lập trình | M63: Kiến thức cơ sở ngành | P63: 200110703 | Q63: Bộ môn Kỹ Thuật Phầm Mềm | R63: 1 | S63: 2 | U63: =_xlfn.XLOOKUP(B63,'Ke hoach giảng dạy CNTT'!D:D,'Ke hoach giảng dạy CNTT'!B:B) -> 1 | V63: =_xlfn.XLOOKUP(B63,'Ke hoach giảng dạy CNTT'!D:D,'Ke hoach giảng dạy CNTT'!C:C) -> 2 | W63: =_xlfn.XLOOKUP(B63,[2]Sheet!$C$10:$C$107,[2]Sheet!$K$10:$K$107) -> [71ITBS10203]Cơ sở lập trình | X63: =IF(W63=0,"Không",W63) -> [71ITBS10203]Cơ sở lập trình
A64: 2 | B64: 71ITDS30103 | C64: Các nền tảng phát triển phần mềm | D64: Software Development Platforms | E64: 3 | F64: 30 | G64: 30 | H64: 0 | I64: 0 | J64: BB | K64: Không | L64: [71ITBS10103]Nhập môn công nghệ thông tin | M64: Kiến thức cơ sở ngành | P64: 200110703 | Q64: Bộ môn Kỹ Thuật Phầm Mềm | R64: 2 | S64: 2 | U64: =_xlfn.XLOOKUP(B64,'Ke hoach giảng dạy CNTT'!D:D,'Ke hoach giảng dạy CNTT'!B:B) -> 2 | V64: =_xlfn.XLOOKUP(B64,'Ke hoach giảng dạy CNTT'!D:D,'Ke hoach giảng dạy CNTT'!C:C) -> 2 | W64: =_xlfn.XLOOKUP(B64,[2]Sheet!$C$10:$C$107,[2]Sheet!$K$10:$K$107) -> [71ITBS10103]Nhập môn công nghệ thông tin | X64: =IF(W64=0,"Không",W64) -> [71ITBS10103]Nhập môn công nghệ thông tin
A65: 3 | B65: 71ITSE30503 | C65: Lập trình ứng dụng Web | D65: Web Application Programming | E65: 3 | F65: 30 | G65: 30 | H65: 0 | I65: 0 | J65: BB | K65: Không | L65: [71ITBS10203]Cơ sở lập trình | M65: Kiến thức cơ sở ngành | P65: 200110703 | Q65: Bộ môn Kỹ Thuật Phầm Mềm | R65: 1 | S65: 2 | U65: =_xlfn.XLOOKUP(B65,'Ke hoach giảng dạy CNTT'!D:D,'Ke hoach giảng dạy CNTT'!B:B) -> 1 | V65: =_xlfn.XLOOKUP(B65,'Ke hoach giảng dạy CNTT'!D:D,'Ke hoach giảng dạy CNTT'!C:C) -> 2 | W65: =_xlfn.XLOOKUP(B65,[2]Sheet!$C$10:$C$107,[2]Sheet!$K$10:$K$107) -> [71ITBS10203]Cơ sở lập trình | X65: =IF(W65=0,"Không",W65) -> [71ITBS10203]Cơ sở lập trình
A66: 4 | B66: 71ITAI40103 | C66: Nhập môn Trí tuệ nhân tạo | D66: Introduction to Artificial Intelligence | E66: 3 | F66: 30 | G66: 30 | H66: 0 | I66: 0 | J66: BB | K66: Không | L66: [71ITBS10203]Cơ sở lập trình | M66: Kiến thức cơ sở ngành | P66: 200110701 | Q66: Bộ môn Khoa học dữ liệu | R66: 3 | S66: 2 | U66: =_xlfn.XLOOKUP(B66,'Ke hoach giảng dạy CNTT'!D:D,'Ke hoach giảng dạy CNTT'!B:B) -> 3 | V66: =_xlfn.XLOOKUP(B66,'Ke hoach giảng dạy CNTT'!D:D,'Ke hoach giảng dạy CNTT'!C:C) -> 2 | W66: =_xlfn.XLOOKUP(B66,[2]Sheet!$C$10:$C$107,[2]Sheet!$K$10:$K$107) -> [71ITBS10203]Cơ sở lập trình | X66: =IF(W66=0,"Không",W66) -> [71ITBS10203]Cơ sở lập trình
A67: 5 | B67: 71ITDS30203 | C67: Nhập môn Phân tích Dữ liệu và Học sâu | D67: Introduction to Data Analytics and Deep Learning | E67: 3 | F67: 30 | G67: 30 | H67: 0 | I67: 0 | J67: TC209 | K67: Không | L67: Không | M67: Kiến thức cơ sở ngành | O67: Chuyển từ BB -> TC; Theo hướng CNDL, TTNT | P67: 200110701 | Q67: Bộ môn Khoa học dữ liệu | R67: 3 | S67: 2 | U67: =_xlfn.XLOOKUP(B67,'Ke hoach giảng dạy CNTT'!D:D,'Ke hoach giảng dạy CNTT'!B:B) -> 3 | V67: =_xlfn.XLOOKUP(B67,'Ke hoach giảng dạy CNTT'!D:D,'Ke hoach giảng dạy CNTT'!C:C) -> 2 | W67: =_xlfn.XLOOKUP(B67,[2]Sheet!$C$10:$C$107,[2]Sheet!$K$10:$K$107) -> 0 | X67: =IF(W67=0,"Không",W67) -> Không
A68: 6 | B68: 71ITDS40203 | C68: Xác xuất thống kê ứng dụng | D68: Applicable Probability and Statistics | E68: 3 | F68: 30 | G68: 30 | H68: 0 | I68: 0 | J68: TC209 | K68: Không | L68: [71ITMA10403]Toán rời rạc | M68: Kiến thức cơ sở ngành | O68: Chuyển từ BB -> TC; Theo hướng CNDL, TTNT | P68: 200110701 | Q68: Bộ môn Khoa học dữ liệu | R68: 2 | S68: 2 | U68: =_xlfn.XLOOKUP(B68,'Ke hoach giảng dạy CNTT'!D:D,'Ke hoach giảng dạy CNTT'!B:B) -> 2 | V68: =_xlfn.XLOOKUP(B68,'Ke hoach giảng dạy CNTT'!D:D,'Ke hoach giảng dạy CNTT'!C:C) -> 2 | W68: =_xlfn.XLOOKUP(B68,[2]Sheet!$C$10:$C$107,[2]Sheet!$K$10:$K$107) -> [71ITMA10403]Toán rời rạc | X68: =IF(W68=0,"Không",W68) -> [71ITMA10403]Toán rời rạc
A69: 7 | B69: 71ITSE30403 | C69: Lập trình ứng dụng Java | D69: Java Application Programming | E69: 3 | F69: 30 | G69: 30 | H69: 0 | I69: 0 | J69: TC209 | K69: Không | L69: Không | M69: Kiến thức cơ sở ngành | O69: Chuyển từ BB -> TC; Theo hướng CNPM | P69: 200110703 | Q69: Bộ môn Kỹ Thuật Phầm Mềm | R69: 2 | S69: 2 | U69: =_xlfn.XLOOKUP(B69,'Ke hoach giảng dạy CNTT'!D:D,'Ke hoach giảng dạy CNTT'!B:B) -> 2 | V69: =_xlfn.XLOOKUP(B69,'Ke hoach giảng dạy CNTT'!D:D,'Ke hoach giảng dạy CNTT'!C:C) -> 2 | W69: =_xlfn.XLOOKUP(B69,[2]Sheet!$C$10:$C$107,[2]Sheet!$K$10:$K$107) -> 0 | X69: =IF(W69=0,"Không",W69) -> Không
A70: 8 | B70: 71NWSE40103 | C70: Nhập môn hệ thống nhúng | D70: Foundation of Embedded System | E70: 3 | F70: 30 | G70: 30 | H70: 0 | I70: 0 | J70: TC209 | K70: Không | L70: Không | M70: Kiến thức cơ sở ngành | O70: Bổ sung môn học để SV có thêm sự lựa chọn | P70: 200110702 | Q70: Bộ môn Mạng máy tính & Internet vạn vật kết nối | R70: 3 | S70: 2 | U70: =_xlfn.XLOOKUP(B70,'Ke hoach giảng dạy CNTT'!D:D,'Ke hoach giảng dạy CNTT'!B:B) -> 3 | V70: =_xlfn.XLOOKUP(B70,'Ke hoach giảng dạy CNTT'!D:D,'Ke hoach giảng dạy CNTT'!C:C) -> 2 | W70: =_xlfn.XLOOKUP(B70,[2]Sheet!$C$10:$C$107,[2]Sheet!$K$10:$K$107) -> 0 | X70: =IF(W70=0,"Không",W70) -> Không
A71: 9 | B71: 71ISBC30103 | C71: Nhập môn Hệ thống thông tin | D71: Introduction to Information Systems | E71: 3 | F71: 30 | G71: 30 | H71: 0 | I71: 0 | J71: TC209 | K71: Không | L71: [71ITBS10103]Nhập môn công nghệ thông tin | M71: Kiến thức cơ sở ngành | O71: Bổ sung môn học để SV có thêm sự lựa chọn | P71: 200110704 | Q71: Bộ môn Quản trị Hệ thống thông tin | R71: 2 | S71: 2 | U71: =_xlfn.XLOOKUP(B71,'Ke hoach giảng dạy CNTT'!D:D,'Ke hoach giảng dạy CNTT'!B:B) -> 2 | V71: =_xlfn.XLOOKUP(B71,'Ke hoach giảng dạy CNTT'!D:D,'Ke hoach giảng dạy CNTT'!C:C) -> 2 | W71: =_xlfn.XLOOKUP(B71,[2]Sheet!$C$10:$C$107,[2]Sheet!$K$10:$K$107) -> [71ITBS10103]Nhập môn công nghệ thông tin | X71: =IF(W71=0,"Không",W71) -> [71ITBS10103]Nhập môn công nghệ thông tin
A72: 10 | B72: 71ITNW30303 | C72: An ninh Mạng máy tính | D72: Network Security | E72: 3 | F72: 30 | G72: 30 | H72: 0 | I72: 0 | J72: TC209 | K72: Không | L72: Không | M72: Kiến thức cơ sở ngành | O72: Chuyển từ TC Chuyên ngành lên TC CS ngành giúp cho SV nhiều lựa chọn | P72: 200110702 | Q72: Bộ môn Mạng máy tính & Internet vạn vật kết nối | R72: 2 | S72: 2 | U72: =_xlfn.XLOOKUP(B72,'Ke hoach giảng dạy CNTT'!D:D,'Ke hoach giảng dạy CNTT'!B:B) -> 2 | V72: =_xlfn.XLOOKUP(B72,'Ke hoach giảng dạy CNTT'!D:D,'Ke hoach giảng dạy CNTT'!C:C) -> 2 | W72: =_xlfn.XLOOKUP(B72,[2]Sheet!$C$10:$C$107,[2]Sheet!$K$10:$K$107) -> 0 | X72: =IF(W72=0,"Không",W72) -> Không
A73: 11 | B73: 71ITIS30303 | C73: Quản lý Dự án Công nghệ Thông tin | D73: IT Project Management | E73: 3 | F73: 30 | G73: 30 | H73: 0 | I73: 0 | J73: TC209 | K73: Không | L73: [71ITBS10103]Nhập môn công nghệ thông tin | M73: Kiến thức cơ sở ngành | O73: Chuyển từ TC Chuyên ngành lên TC CS ngành; Theo hướng quản lý | P73: 200110704 | Q73: Bộ môn Quản trị Hệ thống thông tin | R73: 2 | S73: 2 | U73: =_xlfn.XLOOKUP(B73,'Ke hoach giảng dạy CNTT'!D:D,'Ke hoach giảng dạy CNTT'!B:B) -> 2 | V73: =_xlfn.XLOOKUP(B73,'Ke hoach giảng dạy CNTT'!D:D,'Ke hoach giảng dạy CNTT'!C:C) -> 2 | W73: =_xlfn.XLOOKUP(B73,[2]Sheet!$C$10:$C$107,[2]Sheet!$K$10:$K$107) -> [71ITBS10103]Nhập môn công nghệ thông tin | X73: =IF(W73=0,"Không",W73) -> [71ITBS10103]Nhập môn công nghệ thông tin
A74: 12 | B74: 71ITSE30903 | C74: Thiết kế giao diện người dùng | D74: User Interface Design | E74: 3 | F74: 30 | G74: 30 | H74: 0 | I74: 0 | J74: TC209 | K74: Không | L74: Không | M74: Kiến thức cơ sở ngành | O74: Chuyển từ TC Chuyên ngành lên TC CS ngành; Theo hướng lập trình Front-end | P74: 200110703 | Q74: Bộ môn Kỹ Thuật Phầm Mềm | R74: 3 | S74: 2 | U74: =_xlfn.XLOOKUP(B74,'Ke hoach giảng dạy CNTT'!D:D,'Ke hoach giảng dạy CNTT'!B:B) -> 3 | V74: =_xlfn.XLOOKUP(B74,'Ke hoach giảng dạy CNTT'!D:D,'Ke hoach giảng dạy CNTT'!C:C) -> 2 | W74: =_xlfn.XLOOKUP(B74,[2]Sheet!$C$10:$C$107,[2]Sheet!$K$10:$K$107) -> 0 | X74: =IF(W74=0,"Không",W74) -> Không
A75: Khối kiến thức: II.3.2. Kiến thức chuyên ngành hoặc chuyên sâu (phân nhánh định hướng nghề nghiệp của ngành) | E75: =E76+E97 -> 27 | W75: =_xlfn.XLOOKUP(B75,[2]Sheet!$C$10:$C$107,[2]Sheet!$K$10:$K$107) -> 0 | X75: =IF(W75=0,"Không",W75) -> Không
A76: Khối kiến thức: II.3.2-1. Chuyên ngành Công nghệ Phần mềm | E76: =SUM(E77:E82) -> 18 | F76: TC | W76: =_xlfn.XLOOKUP(B76,[2]Sheet!$C$10:$C$107,[2]Sheet!$K$10:$K$107) -> 0 | X76: =IF(W76=0,"Không",W76) -> Không
A77: 1 | B77: 71ITSE41003 | C77: Nhập môn Công nghệ phần mềm | D77: Introduction to Software Technology | E77: 3 | F77: 30 | G77: 30 | H77: 0 | I77: 0 | J77: BB | K77: Không | L77: [71ITBS10103]Nhập môn công nghệ thông tin | M77: Kiến thức chuyên ngành hoặc chuyên sâu | N77: Công nghệ Phần mềm | P77: 200110703 | Q77: Bộ môn Kỹ Thuật Phầm Mềm | R77: 3 | S77: 2 | U77: =_xlfn.XLOOKUP(B77,'Ke hoach giảng dạy CNTT'!D:D,'Ke hoach giảng dạy CNTT'!B:B) -> 3 | V77: =_xlfn.XLOOKUP(B77,'Ke hoach giảng dạy CNTT'!D:D,'Ke hoach giảng dạy CNTT'!C:C) -> 2 | W77: =_xlfn.XLOOKUP(B77,[2]Sheet!$C$10:$C$107,[2]Sheet!$K$10:$K$107) -> [71ITBS10103]Nhập môn công nghệ thông tin | X77: =IF(W77=0,"Không",W77) -> [71ITBS10103]Nhập môn công nghệ thông tin
A78: 2 | B78: 71ITSE41103 | C78: Kỹ thuật lấy yêu cầu | D78: Requirements Engineering | E78: 3 | F78: 30 | G78: 30 | H78: 0 | I78: 0 | J78: BB | K78: Không | L78: [71ITSE41003]Nhập môn công nghệ phần mềm | M78: Kiến thức chuyên ngành hoặc chuyên sâu | N78: Công nghệ Phần mềm | P78: 200110703 | Q78: Bộ môn Kỹ Thuật Phầm Mềm | R78: 1 | S78: 3 | U78: =_xlfn.XLOOKUP(B78,'Ke hoach giảng dạy CNTT'!D:D,'Ke hoach giảng dạy CNTT'!B:B) -> 1 | V78: =_xlfn.XLOOKUP(B78,'Ke hoach giảng dạy CNTT'!D:D,'Ke hoach giảng dạy CNTT'!C:C) -> 3 | W78: =_xlfn.XLOOKUP(B78,[2]Sheet!$C$10:$C$107,[2]Sheet!$K$10:$K$107) -> [71ITSE41003]Nhập môn công nghệ phần mềm | X78: =IF(W78=0,"Không",W78) -> [71ITSE41003]Nhập môn công nghệ phần mềm
A79: 3 | B79: 71ITSE41203 | C79: Kiểm thử phần mềm | D79: Software Testing | E79: 3 | F79: 30 | G79: 30 | H79: 0 | I79: 0 | J79: BB | K79: Không | L79: [71ITSE41003]Nhập môn công nghệ phần mềm | M79: Kiến thức chuyên ngành hoặc chuyên sâu | N79: Công nghệ Phần mềm | P79: 200110703 | Q79: Bộ môn Kỹ Thuật Phầm Mềm | R79: 1 | S79: 3 | U79: =_xlfn.XLOOKUP(B79,'Ke hoach giảng dạy CNTT'!D:D,'Ke hoach giảng dạy CNTT'!B:B) -> 1 | V79: =_xlfn.XLOOKUP(B79,'Ke hoach giảng dạy CNTT'!D:D,'Ke hoach giảng dạy CNTT'!C:C) -> 3 | W79: =_xlfn.XLOOKUP(B79,[2]Sheet!$C$10:$C$107,[2]Sheet!$K$10:$K$107) -> [71ITSE41003]Nhập môn công nghệ phần mềm | X79: =IF(W79=0,"Không",W79) -> [71ITSE41003]Nhập môn công nghệ phần mềm
A80: 4 | B80: 71ITSE41303 | C80: Phân tích và thiết kế hệ thống theo Hướng đối tượng | D80: Object Oriented Analysis and Design | E80: 3 | F80: 30 | G80: 30 | H80: 0 | I80: 0 | J80: BB | K80: Không | L80: [71ITSE41103]Kỹ thuật lấy yêu cầu | M80: Kiến thức chuyên ngành hoặc chuyên sâu | N80: Công nghệ Phần mềm | P80: 200110703 | Q80: Bộ môn Kỹ Thuật Phầm Mềm | R80: 2 | S80: 3 | U80: =_xlfn.XLOOKUP(B80,'Ke hoach giảng dạy CNTT'!D:D,'Ke hoach giảng dạy CNTT'!B:B) -> 2 | V80: =_xlfn.XLOOKUP(B80,'Ke hoach giảng dạy CNTT'!D:D,'Ke hoach giảng dạy CNTT'!C:C) -> 3 | W80: =_xlfn.XLOOKUP(B80,[2]Sheet!$C$10:$C$107,[2]Sheet!$K$10:$K$107) -> [71ITSE41103]Kỹ thuật lấy yêu cầu | X80: =IF(W80=0,"Không",W80) -> [71ITSE41103]Kỹ thuật lấy yêu cầu
A81: 5 | B81: 71ITSE41403 | C81: Lập trình Web nâng cao | D81: Advanced Web Programming | E81: 3 | F81: 30 | G81: 30 | H81: 0 | I81: 0 | J81: BB | K81: Không | L81: [71ITSE30503]Lập trình ứng dụng web | M81: Kiến thức chuyên ngành hoặc chuyên sâu | N81: Công nghệ Phần mềm | P81: 200110703 | Q81: Bộ môn Kỹ Thuật Phầm Mềm | R81: 2 | S81: 3 | U81: =_xlfn.XLOOKUP(B81,'Ke hoach giảng dạy CNTT'!D:D,'Ke hoach giảng dạy CNTT'!B:B) -> 2 | V81: =_xlfn.XLOOKUP(B81,'Ke hoach giảng dạy CNTT'!D:D,'Ke hoach giảng dạy CNTT'!C:C) -> 3 | W81: =_xlfn.XLOOKUP(B81,[2]Sheet!$C$10:$C$107,[2]Sheet!$K$10:$K$107) -> [71ITSE30503]Lập trình ứng dụng web | X81: =IF(W81=0,"Không",W81) -> [71ITSE30503]Lập trình ứng dụng web
A82: 6 | B82: 71ITSE41503 | C82: Quản lý dự án phần mềm | D82: Software Project Management | E82: 3 | F82: 30 | G82: 30 | H82: 0 | I82: 0 | J82: BB | K82: Không | L82: [71ITSE41103]Kỹ thuật lấy yêu cầu | M82: Kiến thức chuyên ngành hoặc chuyên sâu | N82: Công nghệ Phần mềm | P82: 200110703 | Q82: Bộ môn Kỹ Thuật Phầm Mềm | R82: 2 | S82: 3 | U82: =_xlfn.XLOOKUP(B82,'Ke hoach giảng dạy CNTT'!D:D,'Ke hoach giảng dạy CNTT'!B:B) -> 2 | V82: =_xlfn.XLOOKUP(B82,'Ke hoach giảng dạy CNTT'!D:D,'Ke hoach giảng dạy CNTT'!C:C) -> 3 | W82: =_xlfn.XLOOKUP(B82,[2]Sheet!$C$10:$C$107,[2]Sheet!$K$10:$K$107) -> [71ITSE41103]Kỹ thuật lấy yêu cầu | X82: =IF(W82=0,"Không",W82) -> [71ITSE41103]Kỹ thuật lấy yêu cầu
A83: Khối kiến thức: II.3.2-2. Chuyên ngành Công nghệ Dữ liệu | E83: =SUM(E84:E89) -> 18 | F83: TC | W83: =_xlfn.XLOOKUP(B83,[2]Sheet!$C$10:$C$107,[2]Sheet!$K$10:$K$107) -> 0 | X83: =IF(W83=0,"Không",W83) -> Không
A84: 1 | B84: 71ITDS40303 | C84: Nhập môn Phân tích Dữ liệu lớn | D84: Introduction to BigData Analytics | E84: 3 | F84: 30 | G84: 30 | H84: 0 | I84: 0 | J84: BB | K84: Không | L84: Không | M84: Kiến thức chuyên ngành hoặc chuyên sâu | N84: Công nghệ Dữ liệu | P84: 200110701 | Q84: Bộ môn Khoa học dữ liệu | R84: 3 | S84: 2 | U84: =_xlfn.XLOOKUP(B84,'Ke hoach giảng dạy CNTT'!D:D,'Ke hoach giảng dạy CNTT'!B:B) -> 3 | V84: =_xlfn.XLOOKUP(B84,'Ke hoach giảng dạy CNTT'!D:D,'Ke hoach giảng dạy CNTT'!C:C) -> 2 | W84: =_xlfn.XLOOKUP(B84,[2]Sheet!$C$10:$C$107,[2]Sheet!$K$10:$K$107) -> 0 | X84: =IF(W84=0,"Không",W84) -> Không
A85: 2 | B85: 71ITAI40203 | C85: Nhập môn học máy | D85: Introduction to Machine Learning | E85: 3 | F85: 30 | G85: 30 | H85: 0 | I85: 0 | J85: BB | K85: Không | L85: [71ITDS40203]Xác xuất thống kê ứng dụng | M85: Kiến thức chuyên ngành hoặc chuyên sâu | N85: Công nghệ Dữ liệu | P85: 200110701 | Q85: Bộ môn Khoa học dữ liệu | R85: 1 | S85: 3 | U85: =_xlfn.XLOOKUP(B85,'Ke hoach giảng dạy CNTT'!D:D,'Ke hoach giảng dạy CNTT'!B:B) -> 1 | V85: =_xlfn.XLOOKUP(B85,'Ke hoach giảng dạy CNTT'!D:D,'Ke hoach giảng dạy CNTT'!C:C) -> 3 | W85: =_xlfn.XLOOKUP(B85,[2]Sheet!$C$10:$C$107,[2]Sheet!$K$10:$K$107) -> [71ITDS40203]Xác suất thống kê ứng dụng | X85: =IF(W85=0,"Không",W85) -> [71ITDS40203]Xác suất thống kê ứng dụng
A86: 3 | B86: 71ITAI40303 | C86: Các hệ hỗ trợ ra quyết định | D86: Decision Support Systems | E86: 3 | F86: 30 | G86: 30 | H86: 0 | I86: 0 | J86: BB | K86: Không | L86: Không | M86: Kiến thức chuyên ngành hoặc chuyên sâu | N86: Công nghệ Dữ liệu | P86: 200110701 | Q86: Bộ môn Khoa học dữ liệu | R86: 1 | S86: 3 | U86: =_xlfn.XLOOKUP(B86,'Ke hoach giảng dạy CNTT'!D:D,'Ke hoach giảng dạy CNTT'!B:B) -> 1 | V86: =_xlfn.XLOOKUP(B86,'Ke hoach giảng dạy CNTT'!D:D,'Ke hoach giảng dạy CNTT'!C:C) -> 3 | W86: =_xlfn.XLOOKUP(B86,[2]Sheet!$C$10:$C$107,[2]Sheet!$K$10:$K$107) -> 0 | X86: =IF(W86=0,"Không",W86) -> Không
A87: 4 | B87: 71ITDS40403 | C87: Số hóa và quản trị thông tin số | D87: Information Digitization and Management | E87: 3 | F87: 30 | G87: 30 | H87: 0 | I87: 0 | J87: BB | K87: Không | L87: Không | M87: Kiến thức chuyên ngành hoặc chuyên sâu | N87: Công nghệ Dữ liệu | P87: 200110701 | Q87: Bộ môn Khoa học dữ liệu | R87: 2 | S87: 3 | U87: =_xlfn.XLOOKUP(B87,'Ke hoach giảng dạy CNTT'!D:D,'Ke hoach giảng dạy CNTT'!B:B) -> 2 | V87: =_xlfn.XLOOKUP(B87,'Ke hoach giảng dạy CNTT'!D:D,'Ke hoach giảng dạy CNTT'!C:C) -> 3 | W87: =_xlfn.XLOOKUP(B87,[2]Sheet!$C$10:$C$107,[2]Sheet!$K$10:$K$107) -> 0 | X87: =IF(W87=0,"Không",W87) -> Không
A88: 5 | B88: 71ITAI40903 | C88: Lập trình tính toán song song | D88: Parallel Computational Programming | E88: 3 | F88: 30 | G88: 30 | H88: 0 | I88: 0 | J88: BB | K88: Không | L88: [71ITSE30303]Cấu trúc dữ liệu và giải thuật | M88: Kiến thức chuyên ngành hoặc chuyên sâu | N88: Công nghệ Dữ liệu | P88: 200110701 | Q88: Bộ môn Khoa học dữ liệu | R88: 2 | S88: 3 | U88: =_xlfn.XLOOKUP(B88,'Ke hoach giảng dạy CNTT'!D:D,'Ke hoach giảng dạy CNTT'!B:B) -> 2 | V88: =_xlfn.XLOOKUP(B88,'Ke hoach giảng dạy CNTT'!D:D,'Ke hoach giảng dạy CNTT'!C:C) -> 3 | W88: =_xlfn.XLOOKUP(B88,[2]Sheet!$C$10:$C$107,[2]Sheet!$K$10:$K$107) -> [71ITSE30303]Cấu trúc dữ liệu và giải thuật | X88: =IF(W88=0,"Không",W88) -> [71ITSE30303]Cấu trúc dữ liệu và giải thuật
A89: 6 | B89: 71ITDS40503 | C89: Mã hóa dữ liệu và chuỗi khối (Block chain) | D89: Data Encryption and Security | E89: 3 | F89: 30 | G89: 30 | H89: 0 | I89: 0 | J89: BB | K89: Không | L89: [71ITIS30103]Cơ sở dữ liệu | M89: Kiến thức chuyên ngành hoặc chuyên sâu | N89: Công nghệ Dữ liệu | P89: 200110701 | Q89: Bộ môn Khoa học dữ liệu | R89: 2 | S89: 3 | U89: =_xlfn.XLOOKUP(B89,'Ke hoach giảng dạy CNTT'!D:D,'Ke hoach giảng dạy CNTT'!B:B) -> 2 | V89: =_xlfn.XLOOKUP(B89,'Ke hoach giảng dạy CNTT'!D:D,'Ke hoach giảng dạy CNTT'!C:C) -> 3 | W89: =_xlfn.XLOOKUP(B89,[2]Sheet!$C$10:$C$107,[2]Sheet!$K$10:$K$107) -> [71ITIS30103]Cơ sở dữ liệu | X89: =IF(W89=0,"Không",W89) -> [71ITIS30103]Cơ sở dữ liệu
A90: Khối kiến thức: II.3.2-3. Chuyên ngành Trí tuệ Nhân tạo | E90: =SUM(E91:E96) -> 18 | F90: TC | W90: =_xlfn.XLOOKUP(B90,[2]Sheet!$C$10:$C$107,[2]Sheet!$K$10:$K$107) -> 0 | X90: =IF(W90=0,"Không",W90) -> Không
A91: 1 | B91: 71ITAI40803 | C91: Nhập môn xử lý ảnh số | D91: Introduction to Digital Image Processing | E91: 3 | F91: 30 | G91: 30 | H91: 0 | I91: 0 | J91: BB | K91: Không | L91: Không | M91: Kiến thức chuyên ngành hoặc chuyên sâu | N91: Trí tuệ Nhân tạo | P91: 200110701 | Q91: Bộ môn Khoa học dữ liệu | R91: 3 | S91: 2 | U91: =_xlfn.XLOOKUP(B91,'Ke hoach giảng dạy CNTT'!D:D,'Ke hoach giảng dạy CNTT'!B:B) -> 3 | V91: =_xlfn.XLOOKUP(B91,'Ke hoach giảng dạy CNTT'!D:D,'Ke hoach giảng dạy CNTT'!C:C) -> 2 | W91: =_xlfn.XLOOKUP(B91,[2]Sheet!$C$10:$C$107,[2]Sheet!$K$10:$K$107) -> 0 | X91: =IF(W91=0,"Không",W91) -> Không
A92: 2 | B92: 71ITAI41203 | C92: Học máy ứng dụng | D92: Applied Machine Learning | E92: 3 | F92: 30 | G92: 30 | H92: 0 | I92: 0 | J92: BB | K92: Không | L92: [71ITDS40203]Xác xuất thống kê ứng dụng | M92: Kiến thức chuyên ngành hoặc chuyên sâu | N92: Trí tuệ Nhân tạo | P92: 200110701 | Q92: Bộ môn Khoa học dữ liệu | R92: 1 | S92: 3 | U92: =_xlfn.XLOOKUP(B92,'Ke hoach giảng dạy CNTT'!D:D,'Ke hoach giảng dạy CNTT'!B:B) -> 1 | V92: =_xlfn.XLOOKUP(B92,'Ke hoach giảng dạy CNTT'!D:D,'Ke hoach giảng dạy CNTT'!C:C) -> 3 | W92: =_xlfn.XLOOKUP(B92,[2]Sheet!$C$10:$C$107,[2]Sheet!$K$10:$K$107) -> [71ITDS40203]Xác suất thống kê ứng dụng | X92: =IF(W92=0,"Không",W92) -> [71ITDS40203]Xác suất thống kê ứng dụng
A93: 3 | B93: 71ITAI40503 | C93: Trí tuệ nhân tạo ứng dụng | D93: Applied Artificial Intelligence | E93: 3 | F93: 30 | G93: 30 | H93: 0 | I93: 0 | J93: BB | K93: Không | L93: [71ITDS40203]Xác xuất thống kê ứng dụng | M93: Kiến thức chuyên ngành hoặc chuyên sâu | N93: Trí tuệ Nhân tạo | P93: 200110701 | Q93: Bộ môn Khoa học dữ liệu | R93: 1 | S93: 3 | U93: =_xlfn.XLOOKUP(B93,'Ke hoach giảng dạy CNTT'!D:D,'Ke hoach giảng dạy CNTT'!B:B) -> 1 | V93: =_xlfn.XLOOKUP(B93,'Ke hoach giảng dạy CNTT'!D:D,'Ke hoach giảng dạy CNTT'!C:C) -> 3 | W93: =_xlfn.XLOOKUP(B93,[2]Sheet!$C$10:$C$107,[2]Sheet!$K$10:$K$107) -> [71ITDS40203]Xác suất thống kê ứng dụng | X93: =IF(W93=0,"Không",W93) -> [71ITDS40203]Xác suất thống kê ứng dụng
A94: 4 | B94: 71ITAI40603 | C94: Thị giác máy tính | D94: Computer Vision | E94: 3 | F94: 30 | G94: 30 | H94: 0 | I94: 0 | J94: BB | K94: Không | L94: [71ITAI41203]Học máy và ứng dụng | M94: Kiến thức chuyên ngành hoặc chuyên sâu | N94: Trí tuệ Nhân tạo | P94: 200110701 | Q94: Bộ môn Khoa học dữ liệu | R94: 2 | S94: 3 | U94: =_xlfn.XLOOKUP(B94,'Ke hoach giảng dạy CNTT'!D:D,'Ke hoach giảng dạy CNTT'!B:B) -> 2 | V94: =_xlfn.XLOOKUP(B94,'Ke hoach giảng dạy CNTT'!D:D,'Ke hoach giảng dạy CNTT'!C:C) -> 3 | W94: =_xlfn.XLOOKUP(B94,[2]Sheet!$C$10:$C$107,[2]Sheet!$K$10:$K$107) -> [71ITAI41203]Học máy và ứng dụng | X94: =IF(W94=0,"Không",W94) -> [71ITAI41203]Học máy và ứng dụng
A95: 5 | B95: 71ITAI40403 | C95: Giới thiệu về học sâu | D95: Introduction to Deep learning | E95: 3 | F95: 30 | G95: 30 | H95: 0 | I95: 0 | J95: BB | K95: Không | L95: [71ITAI40503]Trí tuệ nhân tạo ứng dụng | M95: Kiến thức chuyên ngành hoặc chuyên sâu | N95: Trí tuệ Nhân tạo | P95: 200110701 | Q95: Bộ môn Khoa học dữ liệu | R95: 2 | S95: 3 | U95: =_xlfn.XLOOKUP(B95,'Ke hoach giảng dạy CNTT'!D:D,'Ke hoach giảng dạy CNTT'!B:B) -> 2 | V95: =_xlfn.XLOOKUP(B95,'Ke hoach giảng dạy CNTT'!D:D,'Ke hoach giảng dạy CNTT'!C:C) -> 3 | W95: =_xlfn.XLOOKUP(B95,[2]Sheet!$C$10:$C$107,[2]Sheet!$K$10:$K$107) -> [71ITAI40503]Trí tuệ nhân tạo ứng dụng | X95: =IF(W95=0,"Không",W95) -> [71ITAI40503]Trí tuệ nhân tạo ứng dụng
A96: 6 | B96: 71ITAI41303 | C96: Các công cụ và nền tảng cho trí tuệ nhân tạo | D96: Tools and Platforms for Artificial Intelligence | E96: 3 | F96: 30 | G96: 30 | H96: 0 | I96: 0 | J96: BB | K96: Không | L96: Không | M96: Kiến thức chuyên ngành hoặc chuyên sâu | N96: Trí tuệ Nhân tạo | P96: 200110701 | Q96: Bộ môn Khoa học dữ liệu | R96: 2 | S96: 3 | U96: =_xlfn.XLOOKUP(B96,'Ke hoach giảng dạy CNTT'!D:D,'Ke hoach giảng dạy CNTT'!B:B) -> 2 | V96: =_xlfn.XLOOKUP(B96,'Ke hoach giảng dạy CNTT'!D:D,'Ke hoach giảng dạy CNTT'!C:C) -> 3 | W96: =_xlfn.XLOOKUP(B96,[2]Sheet!$C$10:$C$107,[2]Sheet!$K$10:$K$107) -> 0 | X96: =IF(W96=0,"Không",W96) -> Không
A97: Khối kiến thức: II.3.2-5. Chuyên ngành Tự chọn | E97: 9 | F97: TC | W97: =_xlfn.XLOOKUP(B97,[2]Sheet!$C$10:$C$107,[2]Sheet!$K$10:$K$107) -> 0 | X97: =IF(W97=0,"Không",W97) -> Không
A98: 2 | B98: 71ITSE30603 | C98: Lập trình ứng dụng di động | D98: Mobile Application Programming | E98: 3 | F98: 30 | G98: 30 | H98: 0 | I98: 0 | J98: TC309 | K98: Không | L98: [71ITBS10203]Cơ sở lập trình | M98: Kiến thức chuyên ngành hoặc chuyên sâu | N98: Tự chọn Chuyên ngành | P98: 200110703 | Q98: Bộ môn Kỹ Thuật Phầm Mềm | R98: 3 | S98: 2 | U98: =_xlfn.XLOOKUP(B98,'Ke hoach giảng dạy CNTT'!D:D,'Ke hoach giảng dạy CNTT'!B:B) -> 1 | V98: =_xlfn.XLOOKUP(B98,'Ke hoach giảng dạy CNTT'!D:D,'Ke hoach giảng dạy CNTT'!C:C) -> 3 | W98: =_xlfn.XLOOKUP(B98,[2]Sheet!$C$10:$C$107,[2]Sheet!$K$10:$K$107) -> [71ITBS10203]Cơ sở lập trình | X98: =IF(W98=0,"Không",W98) -> [71ITBS10203]Cơ sở lập trình
A99: 7 | B99: 71ITSE30803 | C99: Lập trình Java nâng cao | D99: Advanced Java Programming | E99: 3 | F99: 30 | G99: 30 | H99: 0 | I99: 0 | J99: TC309 | K99: Không | L99: [71ITSE30403]Lập trình ứng dụng Java | M99: Kiến thức chuyên ngành hoặc chuyên sâu | N99: Tự chọn Chuyên ngành | P99: 200110703 | Q99: Bộ môn Kỹ Thuật Phầm Mềm | R99: 2 | S99: 3 | U99: =_xlfn.XLOOKUP(B99,'Ke hoach giảng dạy CNTT'!D:D,'Ke hoach giảng dạy CNTT'!B:B) -> 2 | V99: =_xlfn.XLOOKUP(B99,'Ke hoach giảng dạy CNTT'!D:D,'Ke hoach giảng dạy CNTT'!C:C) -> 3 | W99: =_xlfn.XLOOKUP(B99,[2]Sheet!$C$10:$C$107,[2]Sheet!$K$10:$K$107) -> [71ITSE30403]Lập trình ứng dụng Java | X99: =IF(W99=0,"Không",W99) -> [71ITSE30403]Lập trình ứng dụng Java
A100: 4 | B100: 71ITSE31003 | C100: Lập trình Python nâng cao | D100: Advanced Python Programming | E100: 3 | F100: 30 | G100: 30 | H100: 0 | I100: 0 | J100: TC309 | K100: Không | L100: Không | M100: Kiến thức chuyên ngành hoặc chuyên sâu | N100: Tự chọn Chuyên ngành | P100: 200110703 | Q100: Bộ môn Kỹ Thuật Phầm Mềm | R100: 1 | S100: 3 | U100: =_xlfn.XLOOKUP(B100,'Ke hoach giảng dạy CNTT'!D:D,'Ke hoach giảng dạy CNTT'!B:B) -> 2 | V100: =_xlfn.XLOOKUP(B100,'Ke hoach giảng dạy CNTT'!D:D,'Ke hoach giảng dạy CNTT'!C:C) -> 3 | W100: =_xlfn.XLOOKUP(B100,[2]Sheet!$C$10:$C$107,[2]Sheet!$K$10:$K$107) -> 0 | X100: =IF(W100=0,"Không",W100) -> Không
A101: 5 | B101: 71ITNW30403 | C101: Lập trình Hệ thống nhúng và Mạng kết nối vạn vật | D101: Programming for Embedded Systems and Internet of Things | E101: 3 | F101: 30 | G101: 30 | H101: 0 | I101: 0 | J101: TC309 | K101: Không | L101: Không | M101: Kiến thức chuyên ngành hoặc chuyên sâu | N101: Tự chọn Chuyên ngành | P101: 200110702 | Q101: Bộ môn Mạng máy tính & Internet vạn vật kết nối | R101: 1 | S101: 3 | U101: =_xlfn.XLOOKUP(B101,'Ke hoach giảng dạy CNTT'!D:D,'Ke hoach giảng dạy CNTT'!B:B) -> 1 | V101: =_xlfn.XLOOKUP(B101,'Ke hoach giảng dạy CNTT'!D:D,'Ke hoach giảng dạy CNTT'!C:C) -> 3 | W101: =_xlfn.XLOOKUP(B101,[2]Sheet!$C$10:$C$107,[2]Sheet!$K$10:$K$107) -> 0 | X101: =IF(W101=0,"Không",W101) -> Không
A102: 8 | B102: 71ITSE41603 | C102: Kiểm thử tự động | D102: Automation Testing | E102: 3 | F102: 30 | G102: 30 | H102: 0 | I102: 0 | J102: TC309 | K102: Không | L102: [71ITSE41203]Kiểm thử phần mềm | M102: Kiến thức chuyên ngành hoặc chuyên sâu | N102: Tự chọn Chuyên ngành | P102: 200110703 | Q102: Bộ môn Kỹ Thuật Phầm Mềm | R102: 2 | S102: 3 | U102: =_xlfn.XLOOKUP(B102,'Ke hoach giảng dạy CNTT'!D:D,'Ke hoach giảng dạy CNTT'!B:B) -> 2 | V102: =_xlfn.XLOOKUP(B102,'Ke hoach giảng dạy CNTT'!D:D,'Ke hoach giảng dạy CNTT'!C:C) -> 3 | W102: =_xlfn.XLOOKUP(B102,[2]Sheet!$C$10:$C$107,[2]Sheet!$K$10:$K$107) -> [71ITSE41203]Kiểm thử phần mềm | X102: =IF(W102=0,"Không",W102) -> [71ITSE41203]Kiểm thử phần mềm
A103: 6 | B103: 71ITAI51403 | C103: Nhập môn tối ưu hóa | D103: Introduction to Optimization | E103: 3 | F103: 30 | G103: 30 | H103: 0 | I103: 0 | J103: TC309 | K103: Không | L103: Không | M103: Kiến thức chuyên ngành hoặc chuyên sâu | N103: Tự chọn Chuyên ngành | P103: 200110701 | Q103: Bộ môn Khoa học dữ liệu | R103: 1 | S103: 3 | U103: =_xlfn.XLOOKUP(B103,'Ke hoach giảng dạy CNTT'!D:D,'Ke hoach giảng dạy CNTT'!B:B) -> 1 | V103: =_xlfn.XLOOKUP(B103,'Ke hoach giảng dạy CNTT'!D:D,'Ke hoach giảng dạy CNTT'!C:C) -> 3 | W103: =_xlfn.XLOOKUP(B103,[2]Sheet!$C$10:$C$107,[2]Sheet!$K$10:$K$107) -> 0 | X103: =IF(W103=0,"Không",W103) -> Không
...

Sheet MaBoMon
A1: TRƯỜNG ĐẠI HỌC VĂN LANG PHÒNG ĐÀO TẠO
A2: DANH MỤC BỘ MÔN THEO TỜ TRÌNH ĐÃ ĐƯỢC HIỆU TRƯỞNG PHÊ DUYỆT (Theo tờ trình số 01/TTr-ĐHVL-BCL, ngày 27 tháng 02 năm 2021)
A4: STT | B4: Mã Bộ môn | C4: Tên Bộ môn | D4: Mã đơn vị | E4: Tên đơn vị | F4: Ghi chú
A5: 1 | B5: 200110101 | C5: Bộ môn Kế toán quản trị | D5: 2001101 | E5: Khoa Kế toán - Kiểm toán
A6: 2 | B6: 200110102 | C6: Bộ môn Kế toán tài chính và Thực hành kế toán | D6: 2001101 | E6: Khoa Kế toán - Kiểm toán
A7: 3 | B7: 200110103 | C7: Bộ môn Nguyên lý kế toán và Kiểm toán | D7: 2001101 | E7: Khoa Kế toán - Kiểm toán
A8: 4 | B8: 200110201 | C8: Bộ môn Luật Hiến pháp - Hành chính | D8: 2001102 | E8: Khoa Luật
A9: 5 | B9: 200110202 | C9: Bộ môn Luật Quốc tế | D9: 2001102 | E9: Khoa Luật
A10: 6 | B10: 200110203 | C10: Bộ môn Luật Thương mại - Dân sự | D10: 2001102 | E10: Khoa Luật
A11: 7 | B11: 200110204 | C11: Bộ môn Luật hình sự | D11: 2001102 | E11: Khoa Luật
A12: 8 | B12: 200110301 | C12: Bộ môn Kỹ năng ngôn ngữ | D12: 2001103 | E12: Khoa Ngoại ngữ
A13: 9 | B13: 200110302 | C13: Bộ môn Ngoại ngữ 2 Và Ngôn Ngữ Trung | D13: 2001103 | E13: Khoa Ngoại ngữ
A14: 10 | B14: 200110303 | C14: Bộ môn Ngôn ngữ chuyên ngành | D14: 2001103 | E14: Khoa Ngoại ngữ
A15: 11 | B15: 200110304 | C15: Bộ môn Chương trình đào tạo đặc biệt & liên kết quốc tế | D15: 2001103 | E15: Khoa Ngoại ngữ
A16: 12 | B16: 200110401 | C16: Bộ môn Quản Trị Chất Lượng | D16: 2001104 | E16: Khoa Quản trị kinh doanh
... A97: 93 | B97: 200113301 | C97: Bộ môn Giáo dục quốc phòng và an ninh | D97: 2001133 | E97: Phòng Giáo dục Quốc phòng và An ninh
A98: 94 | B98: 200113501 | C98: Bộ môn Giáo dục thể chất | D98: 2001135 | E98: Trung tâm thể dục thể thao
E101: Cập nhật ngày 02 tháng 7 năm 2021 (Theo dữ liệu HRM cung cấp)
